1355,"[4, 5, 7, 1, 6, 0, 9, 3, 2, 8]"
1355,"[0, 4, 1, 6, 8, 5, 2, 9, 3, 7]"
1370,"[4, 6, 1, 0, 7, 5, 2, 8, 9, 3]"
1401,"[7, 4, 6, 0, 5, 2, 1, 8, 9, 3]"
1401,"[5, 6, 8, 2, 7, 0, 1, 4, 9, 3]"
1420,"[5, 1, 2, 4, 0, 6, 7, 3, 9, 8]"
1421,"[5, 3, 2, 0, 4, 6, 1, 9, 8, 7]"
1426,"[7, 5, 1, 8, 9, 4, 6, 3, 2, 0]"
1433,"[4, 9, 6, 3, 1, 7, 8, 2, 0, 5]"
1436,"[4, 0, 2, 1, 6, 7, 8, 9, 3, 5]"
1440,"[0, 5, 3, 1, 2, 4, 7, 8, 9, 6]"
1440,"[6, 4, 5, 2, 9, 3, 7, 8, 1, 0]"
1449,"[1, 0, 8, 4, 2, 3, 5, 6, 7, 9]"
1457,"[4, 5, 3, 0, 2, 8, 6, 7, 1, 9]"
1457,"[5, 1, 3, 4, 6, 8, 9, 2, 7, 0]"
1461,"[0, 6, 2, 4, 8, 1, 9, 3, 5, 7]"
1462,"[0, 4, 2, 6, 9, 5, 7, 1, 3, 8]"
1470,"[0, 6, 7, 5, 9, 3, 8, 4, 2, 1]"
1473,"[1, 0, 7, 4, 6, 8, 2, 3, 5, 9]"
1473,"[6, 0, 2, 9, 8, 5, 1, 4, 3, 7]"
1477,"[1, 0, 4, 5, 9, 2, 7, 6, 8, 3]"
1479,"[0, 2, 1, 7, 9, 3, 8, 4, 6, 5]"
1479,"[0, 7, 9, 8, 6, 3, 4, 2, 5, 1]"
1481,"[8, 7, 2, 4, 5, 1, 6, 0, 3, 9]"
1483,"[1, 3, 5, 2, 8, 0, 4, 6, 7, 9]"
1483,"[8, 4, 5, 0, 2, 1, 3, 6, 9, 7]"
1483,"[2, 7, 5, 1, 9, 6, 4, 8, 0, 3]"
1488,"[9, 8, 6, 2, 5, 1, 0, 3, 4, 7]"
1488,"[2, 5, 7, 8, 9, 3, 6, 4, 1, 0]"
1492,"[3, 7, 5, 2, 9, 8, 6, 0, 1, 4]"
1494,"[4, 9, 7, 3, 8, 6, 1, 0, 2, 5]"
1495,"[3, 2, 1, 8, 4, 7, 5, 0, 9, 6]"
1496,"[1, 0, 6, 3, 8, 4, 9, 2, 5, 7]"
1497,"[4, 6, 0, 7, 9, 5, 8, 2, 1, 3]"
1498,"[9, 1, 8, 0, 6, 4, 3, 2, 5, 7]"
1500,"[8, 2, 1, 3, 4, 5, 6, 0, 7, 9]"
1501,"[3, 4, 0, 9, 8, 2, 6, 5, 1, 7]"
1508,"[3, 1, 0, 2, 7, 8, 5, 9, 6, 4]"
1510,"[9, 8, 6, 4, 1, 3, 7, 5, 0, 2]"
1512,"[1, 6, 2, 3, 4, 7, 0, 8, 5, 9]"
1513,"[9, 8, 2, 5, 0, 3, 1, 6, 4, 7]"
1515,"[2, 5, 0, 7, 1, 8, 6, 3, 9, 4]"
1516,"[1, 8, 0, 5, 6, 3, 2, 4, 9, 7]"
1522,"[6, 4, 9, 5, 1, 3, 8, 7, 2, 0]"
1524,"[4, 5, 9, 6, 0, 8, 1, 2, 7, 3]"
1525,"[4, 6, 8, 2, 3, 5, 0, 1, 9, 7]"
1529,"[5, 8, 6, 9, 4, 2, 7, 3, 1, 0]"
1529,"[0, 3, 1, 9, 6, 8, 7, 4, 5, 2]"
1529,"[7, 9, 2, 1, 3, 8, 4, 6, 0, 5]"
1530,"[5, 4, 1, 7, 0, 8, 2, 9, 3, 6]"
1530,"[5, 1, 0, 3, 7, 9, 2, 8, 6, 4]"
1532,"[0, 2, 4, 8, 5, 3, 7, 6, 9, 1]"
1536,"[2, 3, 7, 1, 6, 9, 4, 8, 5, 0]"
1536,"[4, 0, 3, 8, 6, 5, 2, 7, 9, 1]"
1537,"[7, 8, 4, 9, 1, 3, 2, 0, 5, 6]"
1538,"[1, 7, 3, 9, 6, 2, 5, 0, 8, 4]"
1538,"[2, 3, 8, 6, 4, 7, 1, 9, 5, 0]"
1544,"[6, 1, 9, 5, 3, 8, 2, 7, 0, 4]"
1545,"[2, 8, 3, 1, 6, 4, 9, 0, 5, 7]"
1547,"[1, 0, 9, 8, 2, 5, 7, 4, 3, 6]"
1547,"[3, 7, 6, 4, 8, 1, 9, 0, 2, 5]"
1548,"[9, 7, 5, 4, 6, 8, 3, 2, 1, 0]"
1549,"[3, 1, 4, 7, 6, 9, 2, 8, 0, 5]"
1551,"[8, 6, 3, 7, 2, 4, 0, 9, 5, 1]"
1554,"[3, 5, 0, 1, 9, 6, 2, 7, 8, 4]"
1555,"[7, 6, 3, 4, 1, 2, 9, 0, 5, 8]"
1556,"[4, 5, 3, 6, 9, 8, 0, 7, 1, 2]"
1559,"[1, 6, 9, 7, 0, 3, 5, 8, 4, 2]"
1562,"[3, 4, 7, 1, 5, 9, 2, 8, 6, 0]"
1564,"[9, 7, 6, 3, 8, 1, 5, 2, 4, 0]"
1564,"[1, 2, 3, 0, 8, 9, 5, 4, 6, 7]"
1564,"[2, 3, 4, 6, 7, 0, 9, 8, 5, 1]"
1565,"[6, 4, 1, 3, 8, 9, 7, 0, 5, 2]"
1565,"[9, 2, 8, 0, 3, 4, 1, 7, 5, 6]"
1566,"[7, 3, 6, 9, 1, 2, 4, 0, 5, 8]"
1574,"[7, 1, 8, 3, 4, 5, 9, 2, 6, 0]"
1574,"[1, 8, 3, 6, 4, 9, 7, 0, 5, 2]"
1578,"[7, 2, 8, 4, 0, 9, 5, 3, 6, 1]"
1578,"[3, 8, 0, 7, 1, 6, 5, 2, 9, 4]"
1583,"[8, 7, 4, 5, 9, 3, 1, 0, 2, 6]"
1590,"[1, 9, 7, 6, 0, 8, 2, 3, 4, 5]"
1592,"[8, 9, 1, 7, 0, 4, 2, 6, 3, 5]"
1595,"[0, 3, 5, 4, 9, 7, 8, 2, 6, 1]"
1596,"[7, 0, 3, 4, 9, 1, 6, 5, 8, 2]"
1597,"[3, 7, 8, 4, 6, 2, 9, 1, 0, 5]"
1599,"[0, 6, 3, 9, 7, 5, 8, 1, 4, 2]"
1609,"[1, 3, 8, 9, 4, 7, 0, 6, 5, 2]"
1612,"[5, 9, 4, 0, 8, 6, 7, 3, 1, 2]"
1613,"[1, 8, 3, 2, 4, 9, 0, 5, 7, 6]"
1614,"[1, 7, 3, 5, 9, 0, 8, 2, 6, 4]"
1615,"[5, 0, 9, 7, 8, 1, 3, 6, 2, 4]"
1619,"[9, 4, 0, 7, 6, 8, 1, 5, 3, 2]"
1635,"[6, 8, 5, 2, 3, 0, 9, 7, 4, 1]"
1635,"[7, 2, 4, 9, 0, 1, 5, 3, 8, 6]"
1636,"[2, 4, 7, 3, 6, 0, 9, 1, 5, 8]"
1642,"[9, 4, 5, 0, 1, 7, 2, 3, 6, 8]"
1655,"[3, 0, 9, 6, 1, 5, 8, 7, 2, 4]"
1658,"[7, 5, 3, 4, 8, 9, 1, 2, 0, 6]"
1661,"[9, 8, 7, 4, 0, 1, 2, 3, 6, 5]"
1677,"[8, 2, 7, 9, 1, 0, 5, 3, 6, 4]"
1362,"[4, 5, 1, 7, 8, 6, 0, 2, 9, 3]"
1384,"[5, 2, 3, 1, 7, 4, 9, 6, 8, 0]"
1385,"[4, 5, 1, 2, 6, 7, 8, 0, 9, 3]"
1390,"[0, 2, 4, 5, 1, 7, 6, 9, 8, 3]"
1391,"[5, 2, 0, 7, 4, 6, 1, 3, 9, 8]"
1394,"[5, 2, 7, 1, 8, 4, 9, 0, 6, 3]"
1396,"[5, 1, 2, 6, 4, 0, 9, 7, 3, 8]"
1399,"[5, 1, 6, 4, 8, 3, 2, 7, 9, 0]"
1404,"[5, 1, 6, 0, 4, 3, 7, 2, 8, 9]"
1405,"[1, 2, 9, 6, 7, 4, 5, 0, 3, 8]"
1414,"[5, 4, 7, 1, 6, 0, 3, 9, 8, 2]"
1420,"[6, 4, 0, 8, 5, 1, 3, 2, 7, 9]"
1434,"[6, 5, 3, 4, 7, 1, 0, 9, 8, 2]"
1435,"[7, 4, 2, 6, 5, 0, 8, 1, 3, 9]"
1435,"[0, 7, 1, 6, 5, 4, 2, 8, 3, 9]"
1443,"[4, 8, 1, 5, 2, 7, 3, 9, 6, 0]"
1444,"[2, 6, 1, 3, 4, 0, 5, 7, 9, 8]"
1445,"[6, 8, 0, 4, 1, 3, 5, 2, 7, 9]"
1446,"[0, 5, 4, 8, 7, 9, 6, 2, 3, 1]"
1447,"[7, 6, 1, 5, 3, 4, 0, 8, 2, 9]"
1448,"[5, 0, 6, 7, 9, 8, 1, 4, 3, 2]"
1449,"[8, 4, 7, 5, 6, 2, 0, 1, 3, 9]"
1451,"[4, 8, 7, 1, 6, 5, 0, 2, 3, 9]"
1453,"[7, 1, 2, 0, 9, 8, 3, 4, 5, 6]"
1453,"[7, 5, 1, 4, 2, 6, 8, 3, 0, 9]"
1460,"[8, 4, 2, 6, 7, 0, 5, 1, 9, 3]"
1460,"[8, 1, 0, 4, 3, 5, 7, 6, 9, 2]"
1464,"[3, 2, 5, 7, 4, 6, 9, 1, 0, 8]"
1466,"[1, 6, 8, 5, 3, 7, 4, 0, 9, 2]"
1466,"[5, 6, 4, 1, 9, 2, 7, 8, 3, 0]"
1467,"[8, 5, 2, 9, 3, 6, 1, 0, 7, 4]"
1469,"[6, 8, 4, 1, 7, 0, 2, 9, 5, 3]"
1470,"[1, 5, 2, 0, 8, 7, 6, 3, 9, 4]"
1475,"[1, 6, 0, 7, 8, 9, 4, 3, 2, 5]"
1477,"[4, 5, 2, 1, 8, 3, 0, 7, 6, 9]"
1481,"[4, 6, 1, 5, 9, 2, 7, 0, 3, 8]"
1482,"[8, 6, 4, 0, 1, 9, 3, 5, 2, 7]"
1484,"[9, 5, 6, 7, 3, 4, 1, 0, 8, 2]"
1485,"[6, 9, 1, 8, 2, 3, 5, 4, 7, 0]"
1487,"[0, 7, 6, 9, 3, 4, 5, 2, 8, 1]"
1487,"[7, 2, 8, 5, 6, 1, 3, 0, 9, 4]"
1492,"[8, 2, 4, 7, 9, 3, 5, 6, 1, 0]"
1493,"[8, 6, 9, 2, 5, 1, 4, 3, 7, 0]"
1494,"[8, 2, 5, 7, 1, 3, 0, 9, 6, 4]"
1500,"[1, 3, 2, 5, 7, 8, 6, 9, 4, 0]"
1503,"[4, 6, 9, 5, 0, 2, 7, 3, 8, 1]"
1505,"[0, 2, 6, 7, 1, 4, 3, 8, 9, 5]"
1505,"[5, 3, 9, 0, 7, 6, 1, 4, 8, 2]"
1506,"[8, 1, 3, 4, 2, 6, 5, 7, 0, 9]"
1506,"[7, 8, 2, 0, 5, 3, 1, 4, 9, 6]"
1507,"[2, 9, 8, 6, 4, 7, 3, 5, 0, 1]"
1509,"[1, 5, 9, 3, 0, 8, 7, 4, 6, 2]"
1511,"[0, 4, 1, 3, 9, 8, 6, 2, 7, 5]"
1514,"[9, 4, 3, 5, 1, 8, 6, 0, 7, 2]"
1516,"[0, 2, 5, 7, 6, 3, 9, 8, 1, 4]"
1517,"[8, 4, 9, 6, 3, 1, 7, 0, 2, 5]"
1518,"[7, 8, 4, 0, 5, 3, 1, 6, 2, 9]"
1521,"[3, 5, 0, 7, 8, 1, 9, 4, 6, 2]"
1524,"[4, 3, 2, 9, 6, 5, 1, 7, 8, 0]"
1525,"[9, 7, 6, 5, 8, 4, 3, 1, 0, 2]"
1528,"[2, 6, 0, 7, 1, 3, 4, 9, 5, 8]"
1530,"[8, 1, 0, 3, 2, 7, 6, 9, 4, 5]"
1531,"[5, 7, 3, 9, 8, 2, 0, 4, 6, 1]"
1533,"[9, 7, 1, 0, 4, 8, 2, 5, 6, 3]"
1538,"[9, 5, 2, 4, 6, 1, 7, 0, 3, 8]"
1538,"[3, 2, 4, 5, 7, 1, 8, 0, 6, 9]"
1539,"[0, 4, 2, 5, 8, 7, 6, 3, 9, 1]"
1539,"[9, 7, 6, 8, 5, 0, 4, 2, 1, 3]"
1540,"[0, 2, 3, 1, 4, 5, 8, 9, 7, 6]"
1541,"[5, 2, 4, 3, 8, 1, 9, 7, 6, 0]"
1541,"[3, 2, 1, 0, 6, 4, 9, 7, 5, 8]"
1545,"[2, 8, 7, 5, 3, 1, 6, 9, 4, 0]"
1548,"[9, 7, 0, 5, 6, 1, 3, 2, 4, 8]"
1548,"[8, 1, 9, 5, 6, 3, 4, 2, 7, 0]"
1548,"[8, 0, 9, 6, 1, 5, 4, 3, 7, 2]"
1549,"[8, 6, 2, 0, 9, 4, 3, 7, 5, 1]"
1566,"[9, 4, 0, 2, 5, 1, 3, 8, 7, 6]"
1576,"[6, 7, 0, 3, 5, 4, 8, 9, 1, 2]"
1576,"[9, 0, 5, 2, 6, 3, 8, 4, 7, 1]"
1578,"[9, 6, 3, 7, 1, 8, 0, 5, 2, 4]"
1580,"[6, 1, 9, 2, 8, 5, 4, 0, 7, 3]"
1581,"[6, 7, 9, 0, 4, 2, 1, 8, 5, 3]"
1583,"[5, 6, 3, 9, 1, 0, 2, 8, 4, 7]"
1586,"[2, 0, 9, 4, 1, 8, 3, 5, 7, 6]"
1589,"[9, 4, 3, 7, 0, 6, 8, 5, 1, 2]"
1592,"[8, 9, 5, 0, 6, 2, 1, 7, 3, 4]"
1595,"[9, 1, 5, 0, 2, 3, 8, 6, 4, 7]"
1596,"[9, 5, 8, 7, 4, 0, 1, 3, 2, 6]"
1605,"[5, 4, 8, 6, 2, 3, 9, 7, 0, 1]"
1606,"[3, 7, 8, 9, 2, 4, 5, 0, 1, 6]"
1611,"[8, 5, 3, 0, 7, 2, 4, 1, 6, 9]"
1613,"[3, 5, 9, 1, 0, 8, 7, 4, 6, 2]"
1617,"[3, 4, 6, 7, 8, 0, 9, 2, 1, 5]"
1628,"[3, 6, 0, 9, 7, 5, 8, 1, 4, 2]"
1639,"[3, 8, 2, 9, 4, 6, 0, 1, 5, 7]"
1641,"[8, 3, 7, 9, 5, 4, 1, 0, 6, 2]"
1643,"[6, 9, 7, 1, 5, 0, 8, 3, 2, 4]"
1653,"[8, 6, 3, 9, 2, 5, 7, 0, 1, 4]"
1678,"[2, 3, 9, 4, 7, 6, 5, 8, 0, 1]"
1693,"[8, 7, 4, 3, 5, 9, 1, 2, 6, 0]"
1373,"[7, 1, 2, 0, 5, 6, 4, 9, 8, 3]"
1394,"[6, 4, 2, 7, 5, 8, 1, 0, 9, 3]"
1404,"[0, 8, 7, 4, 5, 1, 6, 9, 3, 2]"
1413,"[4, 0, 1, 3, 6, 5, 2, 8, 9, 7]"
1433,"[0, 6, 7, 5, 2, 9, 8, 4, 3, 1]"
1435,"[2, 5, 7, 6, 0, 8, 4, 1, 3, 9]"
1438,"[1, 6, 5, 7, 3, 2, 9, 8, 0, 4]"
1438,"[5, 8, 6, 0, 1, 3, 2, 4, 7, 9]"
1443,"[4, 5, 2, 6, 9, 3, 0, 1, 7, 8]"
1446,"[3, 2, 7, 5, 6, 1, 4, 8, 9, 0]"
1448,"[4, 6, 0, 5, 3, 8, 7, 2, 1, 9]"
1453,"[1, 0, 4, 3, 2, 9, 6, 8, 5, 7]"
1456,"[7, 0, 5, 1, 4, 8, 6, 9, 2, 3]"
1458,"[0, 1, 8, 7, 9, 2, 4, 6, 5, 3]"
1458,"[4, 1, 7, 8, 9, 5, 6, 2, 0, 3]"
1459,"[1, 5, 3, 8, 4, 6, 2, 0, 9, 7]"
1460,"[0, 5, 4, 2, 6, 8, 1, 3, 9, 7]"
1460,"[1, 5, 0, 8, 2, 4, 6, 7, 3, 9]"
1465,"[4, 8, 6, 1, 5, 7, 2, 3, 0, 9]"
1466,"[1, 0, 5, 4, 6, 3, 9, 7, 8, 2]"
1467,"[0, 9, 7, 6, 4, 3, 2, 5, 8, 1]"
1469,"[5, 3, 1, 7, 8, 6, 0, 2, 9, 4]"
1471,"[2, 5, 6, 1, 4, 8, 9, 0, 7, 3]"
1471,"[2, 7, 0, 1, 3, 8, 4, 5, 6, 9]"
1472,"[2, 4, 7, 0, 1, 6, 9, 3, 5, 8]"
1472,"[2, 7, 4, 1, 5, 8, 9, 6, 3, 0]"
1473,"[4, 8, 9, 6, 1, 2, 5, 0, 7, 3]"
1475,"[5, 8, 4, 3, 1, 6, 9, 2, 0, 7]"
1479,"[8, 6, 1, 3, 2, 4, 5, 0, 7, 9]"
1480,"[7, 5, 3, 4, 1, 2, 6, 0, 8, 9]"
1481,"[4, 9, 5, 7, 8, 6, 2, 1, 0, 3]"
1483,"[1, 8, 5, 9, 4, 6, 2, 7, 3, 0]"
1484,"[0, 2, 7, 4, 9, 8, 6, 3, 5, 1]"
1485,"[7, 0, 2, 5, 3, 8, 1, 9, 6, 4]"
1488,"[7, 5, 4, 0, 6, 8, 1, 2, 3, 9]"
1492,"[4, 2, 1, 0, 7, 3, 6, 9, 5, 8]"
1494,"[7, 9, 6, 1, 4, 0, 5, 3, 2, 8]"
1495,"[4, 6, 0, 9, 1, 2, 7, 8, 3, 5]"
1495,"[3, 7, 0, 1, 4, 8, 6, 5, 9, 2]"
1497,"[5, 4, 8, 0, 1, 2, 9, 3, 7, 6]"
1502,"[9, 6, 2, 0, 1, 3, 7, 4, 5, 8]"
1504,"[5, 6, 8, 1, 3, 2, 0, 9, 4, 7]"
1504,"[3, 2, 6, 1, 7, 4, 8, 9, 5, 0]"
1507,"[7, 0, 8, 2, 1, 5, 3, 9, 4, 6]"
1516,"[3, 1, 4, 0, 7, 6, 9, 2, 8, 5]"
1518,"[6, 8, 9, 0, 4, 3, 5, 2, 1, 7]"
1518,"[5, 4, 7, 9, 6, 0, 8, 1, 2, 3]"
1520,"[6, 7, 1, 9, 0, 3, 4, 8, 5, 2]"
1526,"[7, 8, 4, 6, 9, 2, 0, 5, 3, 1]"
1529,"[1, 7, 3, 8, 9, 6, 5, 0, 4, 2]"
1529,"[9, 0, 6, 4, 3, 7, 2, 8, 5, 1]"
1531,"[2, 4, 8, 7, 9, 6, 3, 5, 0, 1]"
1533,"[9, 2, 8, 3, 5, 1, 7, 0, 4, 6]"
1535,"[8, 7, 3, 5, 4, 0, 6, 2, 9, 1]"
1538,"[3, 4, 6, 8, 7, 9, 2, 5, 1, 0]"
1540,"[3, 7, 0, 6, 1, 5, 4, 2, 8, 9]"
1544,"[9, 1, 7, 2, 4, 8, 6, 0, 5, 3]"
1545,"[2, 9, 5, 6, 4, 8, 0, 3, 7, 1]"
1547,"[2, 7, 3, 4, 0, 1, 8, 9, 5, 6]"
1547,"[9, 0, 8, 7, 6, 3, 2, 4, 5, 1]"
1551,"[5, 9, 2, 8, 4, 1, 3, 7, 0, 6]"
1553,"[2, 9, 8, 5, 3, 4, 6, 7, 0, 1]"
1553,"[6, 5, 0, 2, 3, 8, 1, 9, 4, 7]"
1553,"[3, 2, 9, 8, 4, 5, 6, 7, 0, 1]"
1559,"[6, 5, 2, 8, 1, 3, 9, 0, 7, 4]"
1560,"[5, 9, 8, 3, 4, 6, 0, 7, 1, 2]"
1561,"[3, 2, 1, 7, 6, 5, 8, 4, 0, 9]"
1562,"[3, 8, 2, 4, 6, 1, 7, 9, 0, 5]"
1563,"[9, 1, 6, 7, 5, 8, 3, 4, 0, 2]"
1566,"[8, 0, 9, 3, 2, 5, 4, 7, 6, 1]"
1567,"[1, 9, 6, 3, 7, 0, 4, 2, 5, 8]"
1567,"[9, 0, 2, 4, 6, 7, 3, 1, 8, 5]"
1567,"[9, 0, 2, 1, 4, 8, 3, 7, 5, 6]"
1569,"[4, 5, 8, 3, 7, 2, 9, 0, 1, 6]"
1570,"[9, 0, 3, 7, 8, 4, 6, 5, 1, 2]"
1571,"[8, 4, 3, 7, 9, 5, 6, 0, 1, 2]"
1575,"[3, 8, 7, 5, 4, 9, 2, 6, 0, 1]"
1576,"[9, 1, 0, 2, 7, 6, 5, 3, 8, 4]"
1584,"[3, 5, 1, 6, 8, 0, 7, 2, 4, 9]"
1590,"[9, 5, 7, 0, 2, 4, 8, 3, 1, 6]"
1590,"[4, 8, 9, 0, 5, 2, 3, 7, 6, 1]"
1593,"[2, 3, 7, 8, 9, 5, 1, 4, 0, 6]"
1593,"[1, 9, 0, 5, 2, 6, 8, 4, 3, 7]"
1594,"[7, 6, 8, 2, 1, 3, 0, 9, 4, 5]"
1595,"[2, 9, 5, 0, 1, 8, 6, 3, 4, 7]"
1598,"[1, 9, 3, 4, 2, 8, 0, 6, 7, 5]"
1601,"[1, 5, 8, 3, 0, 9, 2, 4, 7, 6]"
1607,"[0, 6, 7, 4, 2, 3, 9, 1, 5, 8]"
1610,"[7, 5, 9, 3, 4, 8, 1, 2, 0, 6]"
1610,"[8, 6, 9, 4, 0, 3, 1, 2, 5, 7]"
1620,"[0, 8, 7, 5, 3, 6, 9, 1, 2, 4]"
1624,"[3, 5, 0, 1, 2, 8, 6, 7, 4, 9]"
1630,"[2, 8, 0, 5, 3, 7, 9, 1, 6, 4]"
1631,"[8, 9, 4, 1, 7, 0, 6, 5, 3, 2]"
1636,"[8, 1, 0, 3, 9, 6, 5, 4, 7, 2]"
1647,"[8, 6, 3, 5, 4, 9, 0, 1, 7, 2]"
1654,"[8, 2, 0, 7, 3, 9, 4, 5, 1, 6]"
1654,"[8, 5, 2, 9, 4, 0, 1, 7, 3, 6]"
1667,"[4, 8, 7, 3, 9, 1, 0, 2, 6, 5]"
1670,"[9, 3, 0, 5, 7, 8, 4, 1, 2, 6]"
1399,"[1, 5, 4, 8, 3, 2, 0, 9, 6, 7]"
1414,"[0, 5, 6, 8, 7, 4, 3, 1, 2, 9]"
1424,"[9, 3, 2, 7, 4, 5, 6, 8, 0, 1]"
1431,"[9, 2, 6, 5, 3, 1, 0, 8, 4, 7]"
1435,"[0, 4, 6, 2, 1, 8, 5, 7, 3, 9]"
1436,"[1, 2, 4, 5, 8, 6, 7, 3, 9, 0]"
1438,"[7, 2, 1, 5, 4, 3, 8, 9, 6, 0]"
1450,"[8, 4, 1, 5, 3, 2, 0, 7, 9, 6]"
1451,"[9, 7, 4, 6, 5, 3, 2, 1, 8, 0]"
1453,"[2, 5, 0, 6, 4, 3, 9, 8, 1, 7]"
1456,"[7, 6, 2, 0, 5, 1, 8, 4, 3, 9]"
1457,"[6, 4, 3, 7, 0, 2, 5, 1, 9, 8]"
1458,"[6, 2, 5, 4, 8, 3, 1, 0, 7, 9]"
1461,"[9, 4, 6, 8, 5, 3, 2, 1, 7, 0]"
1461,"[0, 4, 9, 3, 7, 6, 5, 1, 8, 2]"
1462,"[5, 6, 0, 1, 3, 2, 9, 4, 8, 7]"
1464,"[8, 1, 5, 6, 3, 7, 2, 4, 0, 9]"
1469,"[5, 7, 4, 2, 0, 8, 6, 3, 1, 9]"
1474,"[6, 5, 1, 3, 0, 9, 2, 7, 4, 8]"
1477,"[3, 6, 1, 2, 7, 5, 9, 8, 4, 0]"
1477,"[8, 3, 6, 1, 2, 7, 5, 9, 4, 0]"
1480,"[0, 6, 3, 5, 8, 1, 7, 4, 2, 9]"
1482,"[5, 8, 9, 6, 1, 3, 2, 7, 4, 0]"
1483,"[1, 6, 0, 4, 5, 3, 9, 8, 7, 2]"
1486,"[4, 8, 9, 3, 1, 7, 5, 6, 0, 2]"
1486,"[2, 7, 5, 3, 1, 6, 9, 0, 4, 8]"
1489,"[5, 8, 0, 1, 9, 6, 7, 4, 2, 3]"
1490,"[1, 2, 7, 4, 6, 9, 8, 0, 3, 5]"
1491,"[9, 2, 6, 3, 5, 8, 7, 0, 1, 4]"
1493,"[8, 7, 3, 4, 1, 5, 6, 0, 9, 2]"
1493,"[6, 2, 3, 5, 7, 1, 0, 4, 8, 9]"
1496,"[4, 9, 8, 5, 6, 1, 0, 3, 7, 2]"
1496,"[1, 9, 0, 6, 2, 3, 7, 5, 4, 8]"
1499,"[0, 1, 9, 4, 6, 3, 2, 7, 5, 8]"
1502,"[4, 9, 3, 2, 1, 0, 7, 5, 6, 8]"
1505,"[9, 6, 7, 3, 1, 0, 4, 2, 5, 8]"
1508,"[8, 4, 9, 6, 1, 7, 3, 2, 5, 0]"
1509,"[0, 8, 4, 3, 1, 7, 9, 6, 2, 5]"
1510,"[5, 7, 0, 3, 2, 1, 9, 8, 4, 6]"
1511,"[8, 4, 3, 7, 5, 2, 1, 9, 0, 6]"
1514,"[1, 7, 0, 3, 8, 5, 6, 2, 4, 9]"
1517,"[3, 2, 4, 1, 6, 5, 8, 0, 9, 7]"
1519,"[9, 3, 7, 1, 8, 6, 5, 0, 2, 4]"
1519,"[7, 4, 6, 0, 8, 5, 3, 9, 2, 1]"
1522,"[9, 2, 8, 3, 7, 4, 0, 1, 6, 5]"
1524,"[3, 1, 8, 6, 5, 0, 2, 4, 7, 9]"
1525,"[0, 7, 8, 6, 5, 3, 4, 9, 2, 1]"
1525,"[7, 4, 8, 9, 5, 0, 3, 2, 6, 1]"
1525,"[7, 1, 5, 3, 9, 4, 6, 0, 2, 8]"
1526,"[8, 1, 4, 5, 9, 0, 3, 6, 2, 7]"
1531,"[1, 0, 3, 2, 6, 9, 7, 8, 5, 4]"
1532,"[3, 4, 2, 6, 5, 0, 8, 7, 1, 9]"
1533,"[3, 2, 9, 6, 1, 7, 5, 4, 0, 8]"
1536,"[7, 5, 8, 9, 4, 6, 0, 2, 3, 1]"
1536,"[9, 6, 4, 8, 1, 7, 3, 0, 2, 5]"
1536,"[1, 6, 9, 7, 4, 0, 2, 5, 3, 8]"
1537,"[6, 8, 5, 3, 7, 4, 0, 9, 2, 1]"
1538,"[3, 0, 2, 6, 4, 1, 9, 8, 7, 5]"
1538,"[5, 3, 1, 8, 6, 0, 9, 2, 4, 7]"
1540,"[4, 6, 2, 5, 1, 9, 7, 0, 8, 3]"
1544,"[8, 7, 5, 4, 0, 6, 3, 1, 2, 9]"
1546,"[5, 9, 8, 0, 3, 2, 7, 4, 6, 1]"
1546,"[6, 5, 2, 3, 9, 1, 0, 7, 4, 8]"
1546,"[4, 2, 8, 5, 6, 9, 7, 3, 0, 1]"
1548,"[7, 0, 5, 8, 9, 2, 1, 3, 4, 6]"
1549,"[4, 3, 0, 5, 6, 7, 9, 2, 8, 1]"
1551,"[6, 4, 9, 0, 3, 1, 2, 5, 8, 7]"
1553,"[0, 1, 5, 7, 9, 4, 2, 3, 6, 8]"
1553,"[3, 0, 8, 2, 1, 6, 7, 4, 9, 5]"
1556,"[6, 9, 5, 8, 4, 1, 2, 0, 7, 3]"
1557,"[9, 3, 0, 2, 5, 4, 7, 6, 8, 1]"
1558,"[8, 0, 9, 2, 3, 4, 5, 7, 1, 6]"
1558,"[9, 7, 2, 8, 6, 5, 4, 0, 1, 3]"
1559,"[1, 9, 5, 6, 8, 0, 3, 2, 7, 4]"
1568,"[7, 8, 2, 4, 3, 5, 9, 0, 6, 1]"
1570,"[5, 1, 3, 8, 4, 0, 7, 9, 2, 6]"
1570,"[8, 6, 5, 2, 9, 3, 0, 4, 7, 1]"
1571,"[4, 9, 1, 5, 8, 6, 0, 7, 3, 2]"
1574,"[6, 8, 5, 7, 0, 9, 3, 2, 4, 1]"
1574,"[0, 6, 7, 9, 2, 1, 8, 5, 3, 4]"
1583,"[8, 1, 2, 9, 6, 0, 5, 4, 7, 3]"
1586,"[1, 3, 9, 0, 8, 6, 4, 7, 2, 5]"
1591,"[6, 7, 3, 1, 9, 8, 5, 2, 0, 4]"
1592,"[6, 3, 5, 4, 7, 0, 8, 1, 9, 2]"
1593,"[3, 4, 2, 9, 0, 1, 7, 6, 8, 5]"
1599,"[6, 4, 1, 9, 8, 0, 5, 7, 2, 3]"
1600,"[6, 8, 3, 0, 5, 2, 1, 7, 4, 9]"
1600,"[4, 9, 1, 3, 8, 7, 5, 2, 6, 0]"
1604,"[6, 2, 3, 8, 0, 1, 7, 9, 4, 5]"
1607,"[7, 3, 4, 0, 8, 6, 9, 1, 5, 2]"
1611,"[0, 9, 7, 5, 4, 1, 3, 2, 8, 6]"
1613,"[7, 0, 8, 9, 4, 1, 6, 2, 3, 5]"
1618,"[5, 9, 4, 3, 7, 2, 8, 1, 6, 0]"
1621,"[3, 7, 9, 5, 8, 2, 1, 4, 0, 6]"
1631,"[3, 1, 4, 0, 9, 8, 7, 5, 2, 6]"
1632,"[3, 5, 1, 7, 9, 2, 4, 0, 8, 6]"
1646,"[3, 2, 5, 8, 9, 4, 0, 1, 7, 6]"
1665,"[0, 3, 7, 9, 5, 1, 2, 8, 4, 6]"
1675,"[3, 6, 8, 9, 0, 5, 7, 4, 1, 2]"
1677,"[3, 7, 4, 9, 0, 1, 5, 2, 8, 6]"
1383,"[4, 6, 5, 3, 1, 2, 9, 8, 7, 0]"
1402,"[5, 6, 2, 3, 4, 0, 7, 1, 9, 8]"
1406,"[2, 7, 1, 0, 5, 6, 4, 9, 8, 3]"
1435,"[5, 8, 4, 2, 1, 6, 0, 7, 3, 9]"
1435,"[2, 5, 8, 4, 0, 6, 1, 7, 3, 9]"
1435,"[4, 0, 1, 5, 2, 8, 7, 6, 3, 9]"
1436,"[7, 1, 2, 5, 4, 0, 8, 9, 3, 6]"
1440,"[0, 3, 4, 1, 6, 5, 7, 8, 2, 9]"
1446,"[8, 4, 7, 6, 1, 5, 3, 0, 2, 9]"
1447,"[9, 1, 3, 2, 4, 5, 7, 6, 8, 0]"
1447,"[4, 9, 8, 2, 1, 6, 7, 3, 5, 0]"
1449,"[7, 1, 8, 0, 6, 5, 4, 3, 9, 2]"
1452,"[9, 6, 5, 1, 3, 2, 4, 8, 7, 0]"
1453,"[1, 6, 5, 0, 3, 9, 2, 4, 8, 7]"
1455,"[4, 5, 2, 8, 9, 0, 3, 6, 1, 7]"
1456,"[8, 1, 2, 6, 0, 3, 7, 4, 5, 9]"
1457,"[5, 8, 6, 1, 0, 2, 7, 3, 4, 9]"
1464,"[8, 7, 4, 5, 6, 9, 2, 1, 3, 0]"
1474,"[1, 0, 7, 5, 4, 8, 9, 3, 2, 6]"
1482,"[7, 5, 2, 8, 9, 0, 6, 4, 3, 1]"
1482,"[6, 5, 4, 1, 9, 7, 3, 8, 2, 0]"
1483,"[9, 3, 4, 6, 2, 5, 1, 0, 7, 8]"
1485,"[5, 8, 0, 2, 6, 9, 1, 7, 4, 3]"
1485,"[5, 3, 0, 2, 8, 7, 4, 9, 6, 1]"
1486,"[4, 0, 7, 6, 8, 1, 3, 5, 9, 2]"
1487,"[2, 5, 7, 8, 6, 1, 3, 0, 9, 4]"
1487,"[1, 4, 7, 8, 9, 2, 6, 3, 0, 5]"
1489,"[1, 6, 8, 3, 0, 4, 9, 2, 5, 7]"
1490,"[7, 6, 9, 3, 4, 8, 2, 1, 0, 5]"
1492,"[5, 0, 9, 3, 7, 6, 8, 4, 1, 2]"
1494,"[0, 1, 8, 4, 2, 9, 3, 7, 6, 5]"
1497,"[4, 0, 9, 8, 7, 6, 1, 5, 2, 3]"
1498,"[2, 0, 9, 8, 1, 3, 6, 4, 7, 5]"
1503,"[1, 6, 9, 4, 3, 8, 5, 7, 0, 2]"
1505,"[2, 4, 7, 1, 0, 6, 3, 8, 9, 5]"
1506,"[2, 4, 1, 9, 6, 8, 7, 3, 5, 0]"
1506,"[6, 9, 8, 3, 2, 1, 0, 7, 4, 5]"
1511,"[2, 7, 3, 4, 5, 8, 0, 6, 1, 9]"
1512,"[0, 6, 9, 8, 3, 7, 4, 1, 5, 2]"
1514,"[1, 3, 2, 7, 8, 6, 4, 9, 5, 0]"
1516,"[9, 3, 6, 5, 0, 7, 4, 2, 8, 1]"
1516,"[9, 7, 6, 1, 4, 0, 2, 8, 5, 3]"
1525,"[9, 4, 5, 2, 6, 3, 1, 8, 7, 0]"
1527,"[1, 8, 7, 6, 5, 9, 4, 0, 3, 2]"
1528,"[8, 5, 9, 3, 4, 2, 6, 1, 0, 7]"
1528,"[6, 1, 4, 9, 8, 7, 0, 3, 2, 5]"
1529,"[6, 2, 3, 1, 0, 4, 8, 7, 9, 5]"
1532,"[3, 4, 1, 9, 5, 2, 6, 0, 7, 8]"
1532,"[7, 0, 1, 2, 3, 6, 8, 9, 4, 5]"
1534,"[1, 7, 2, 8, 0, 6, 5, 3, 9, 4]"
1536,"[4, 7, 3, 6, 0, 5, 2, 8, 1, 9]"
1542,"[5, 4, 1, 9, 0, 6, 7, 2, 8, 3]"
1543,"[7, 9, 4, 6, 0, 3, 2, 1, 5, 8]"
1543,"[4, 3, 8, 0, 7, 6, 1, 5, 2, 9]"
1544,"[0, 5, 1, 9, 4, 2, 7, 6, 8, 3]"
1544,"[8, 0, 7, 3, 4, 5, 2, 6, 1, 9]"
1545,"[5, 8, 6, 2, 1, 3, 0, 9, 7, 4]"
1551,"[2, 7, 6, 3, 1, 0, 5, 8, 9, 4]"
1552,"[8, 0, 5, 6, 9, 2, 1, 4, 7, 3]"
1552,"[4, 6, 3, 1, 9, 2, 7, 8, 5, 0]"
1555,"[6, 0, 5, 1, 3, 8, 4, 9, 7, 2]"
1555,"[5, 7, 2, 0, 3, 9, 8, 1, 6, 4]"
1557,"[6, 9, 8, 7, 5, 0, 2, 4, 1, 3]"
1558,"[3, 1, 4, 6, 9, 2, 7, 8, 0, 5]"
1560,"[5, 6, 0, 3, 2, 9, 4, 1, 8, 7]"
1560,"[3, 4, 2, 7, 6, 0, 1, 9, 5, 8]"
1563,"[9, 8, 0, 2, 1, 3, 4, 7, 5, 6]"
1567,"[8, 2, 7, 9, 6, 0, 4, 5, 3, 1]"
1568,"[6, 9, 2, 4, 8, 0, 1, 5, 3, 7]"
1569,"[5, 8, 4, 6, 2, 3, 7, 0, 9, 1]"
1573,"[4, 9, 5, 0, 7, 8, 3, 2, 1, 6]"
1575,"[9, 1, 2, 0, 3, 8, 4, 6, 7, 5]"
1577,"[1, 0, 8, 7, 6, 2, 3, 9, 4, 5]"
1578,"[0, 3, 9, 8, 4, 6, 2, 7, 1, 5]"
1580,"[8, 4, 3, 2, 6, 0, 9, 5, 7, 1]"
1584,"[5, 2, 6, 7, 3, 9, 1, 0, 8, 4]"
1587,"[2, 1, 5, 8, 0, 9, 7, 6, 3, 4]"
1587,"[9, 1, 7, 2, 5, 0, 3, 4, 6, 8]"
1590,"[6, 0, 8, 7, 9, 5, 1, 2, 4, 3]"
1590,"[9, 7, 8, 2, 0, 5, 3, 6, 4, 1]"
1592,"[3, 2, 6, 9, 8, 7, 5, 4, 1, 0]"
1595,"[6, 3, 0, 9, 7, 8, 2, 1, 4, 5]"
1599,"[0, 7, 3, 6, 8, 5, 1, 2, 4, 9]"
1602,"[7, 3, 9, 6, 0, 8, 4, 1, 5, 2]"
1607,"[1, 9, 7, 4, 8, 5, 3, 2, 0, 6]"
1611,"[5, 0, 3, 6, 8, 9, 4, 1, 2, 7]"
1613,"[6, 8, 7, 3, 9, 1, 4, 0, 2, 5]"
1625,"[2, 1, 9, 8, 0, 5, 7, 4, 3, 6]"
1629,"[4, 3, 9, 8, 0, 7, 2, 5, 1, 6]"
1632,"[0, 2, 6, 7, 3, 9, 8, 4, 1, 5]"
1637,"[8, 2, 4, 9, 1, 0, 5, 3, 6, 7]"
1639,"[9, 0, 6, 5, 7, 2, 1, 8, 3, 4]"
1640,"[8, 4, 3, 9, 6, 0, 7, 5, 2, 1]"
1646,"[3, 1, 7, 9, 0, 6, 2, 5, 8, 4]"
1647,"[8, 2, 7, 0, 3, 5, 9, 1, 4, 6]"
1649,"[0, 8, 3, 7, 9, 1, 6, 5, 2, 4]"
1653,"[8, 3, 9, 0, 2, 6, 7, 1, 5, 4]"
1657,"[3, 9, 1, 2, 6, 8, 7, 4, 5, 0]"
1682,"[9, 0, 4, 3, 7, 2, 1, 5, 8, 6]"
1737,"[7, 3, 8, 9, 4, 1, 2, 6, 5, 0]"
1385,"[6, 7, 4, 1, 0, 2, 5, 8, 9, 3]"
1389,"[0, 5, 2, 8, 4, 1, 7, 9, 6, 3]"
1393,"[8, 1, 6, 7, 5, 4, 2, 0, 9, 3]"
1403,"[4, 0, 1, 2, 3, 5, 7, 6, 9, 8]"
1404,"[8, 5, 1, 4, 6, 2, 7, 0, 9, 3]"
1422,"[1, 4, 5, 2, 8, 3, 6, 7, 9, 0]"
1422,"[7, 6, 5, 8, 4, 1, 3, 2, 9, 0]"
1425,"[2, 5, 4, 1, 3, 8, 7, 9, 6, 0]"
1428,"[2, 1, 4, 5, 7, 6, 0, 9, 8, 3]"
1448,"[1, 5, 4, 0, 6, 8, 7, 3, 9, 2]"
1451,"[6, 0, 7, 4, 2, 3, 1, 5, 8, 9]"
1452,"[7, 1, 8, 2, 4, 6, 5, 3, 0, 9]"
1453,"[8, 7, 6, 1, 0, 2, 4, 9, 3, 5]"
1453,"[0, 6, 7, 5, 4, 8, 2, 9, 3, 1]"
1466,"[1, 2, 7, 6, 5, 0, 8, 9, 4, 3]"
1467,"[1, 2, 9, 7, 3, 5, 4, 6, 0, 8]"
1467,"[5, 2, 1, 0, 7, 4, 8, 6, 3, 9]"
1467,"[5, 2, 0, 4, 6, 8, 1, 9, 7, 3]"
1467,"[4, 5, 7, 6, 1, 9, 0, 8, 2, 3]"
1473,"[1, 8, 5, 6, 3, 4, 2, 9, 7, 0]"
1475,"[5, 3, 2, 0, 7, 1, 6, 4, 9, 8]"
1482,"[8, 1, 4, 9, 2, 0, 6, 3, 5, 7]"
1482,"[9, 7, 2, 0, 6, 5, 1, 4, 8, 3]"
1484,"[8, 4, 0, 7, 5, 1, 3, 6, 9, 2]"
1484,"[4, 6, 8, 5, 1, 0, 9, 2, 3, 7]"
1489,"[0, 8, 4, 6, 7, 3, 2, 1, 5, 9]"
1492,"[2, 7, 3, 4, 6, 5, 0, 1, 8, 9]"
1492,"[7, 9, 2, 4, 0, 6, 8, 5, 1, 3]"
1492,"[1, 6, 2, 7, 9, 0, 4, 3, 8, 5]"
1494,"[5, 0, 6, 8, 4, 3, 9, 2, 1, 7]"
1494,"[1, 3, 6, 5, 8, 2, 7, 0, 9, 4]"
1496,"[6, 4, 5, 9, 3, 7, 1, 8, 0, 2]"
1498,"[1, 8, 0, 2, 6, 7, 9, 4, 3, 5]"
1498,"[9, 2, 1, 7, 6, 3, 4, 5, 0, 8]"
1500,"[6, 1, 3, 5, 2, 4, 0, 9, 7, 8]"
1501,"[8, 1, 0, 5, 6, 3, 2, 7, 9, 4]"
1502,"[5, 7, 9, 0, 6, 3, 4, 1, 8, 2]"
1505,"[0, 3, 2, 4, 6, 7, 5, 9, 1, 8]"
1507,"[7, 9, 4, 3, 8, 5, 6, 2, 1, 0]"
1509,"[1, 8, 5, 4, 7, 3, 0, 6, 2, 9]"
1509,"[0, 8, 1, 5, 3, 7, 9, 6, 2, 4]"
1510,"[6, 0, 1, 5, 3, 9, 2, 8, 7, 4]"
1511,"[5, 9, 8, 1, 4, 7, 3, 6, 2, 0]"
1511,"[6, 8, 0, 4, 1, 3, 7, 2, 5, 9]"
1512,"[6, 8, 5, 3, 0, 2, 4, 9, 1, 7]"
1514,"[0, 9, 8, 3, 7, 6, 1, 2, 5, 4]"
1517,"[9, 4, 2, 6, 1, 7, 8, 5, 0, 3]"
1517,"[0, 4, 3, 8, 1, 9, 6, 5, 2, 7]"
1519,"[4, 0, 3, 5, 1, 7, 8, 6, 2, 9]"
1521,"[4, 5, 3, 8, 9, 1, 6, 7, 0, 2]"
1521,"[4, 7, 0, 1, 9, 2, 3, 8, 6, 5]"
1525,"[3, 5, 7, 1, 9, 6, 2, 8, 0, 4]"
1527,"[1, 8, 9, 6, 4, 0, 3, 5, 7, 2]"
1527,"[0, 1, 4, 5, 9, 2, 3, 8, 7, 6]"
1529,"[2, 0, 3, 7, 1, 5, 4, 9, 8, 6]"
1529,"[3, 4, 7, 6, 8, 1, 5, 9, 0, 2]"
1530,"[2, 0, 6, 8, 9, 5, 3, 4, 1, 7]"
1531,"[8, 0, 4, 7, 3, 9, 6, 2, 5, 1]"
1531,"[7, 0, 9, 6, 3, 5, 4, 8, 1, 2]"
1531,"[2, 7, 5, 9, 0, 6, 8, 1, 3, 4]"
1532,"[3, 6, 4, 7, 9, 5, 8, 0, 2, 1]"
1537,"[2, 0, 6, 4, 9, 7, 3, 8, 1, 5]"
1539,"[0, 3, 1, 6, 4, 8, 9, 5, 7, 2]"
1539,"[4, 5, 2, 7, 0, 8, 6, 3, 9, 1]"
1542,"[4, 6, 2, 1, 3, 9, 7, 8, 5, 0]"
1544,"[2, 0, 9, 6, 5, 8, 3, 1, 7, 4]"
1544,"[7, 2, 3, 8, 5, 6, 4, 1, 9, 0]"
1545,"[3, 7, 0, 5, 6, 8, 4, 2, 9, 1]"
1546,"[0, 5, 8, 1, 3, 7, 9, 2, 4, 6]"
1547,"[1, 9, 8, 7, 2, 6, 5, 4, 3, 0]"
1554,"[1, 6, 2, 9, 0, 3, 5, 4, 7, 8]"
1555,"[4, 9, 7, 1, 2, 0, 8, 3, 5, 6]"
1556,"[6, 1, 0, 3, 2, 5, 9, 4, 7, 8]"
1556,"[8, 4, 5, 7, 6, 2, 3, 0, 9, 1]"
1557,"[6, 8, 1, 4, 3, 9, 5, 7, 0, 2]"
1559,"[5, 2, 7, 9, 0, 1, 3, 8, 6, 4]"
1560,"[7, 8, 0, 1, 4, 2, 3, 9, 5, 6]"
1565,"[8, 2, 6, 4, 3, 0, 7, 5, 1, 9]"
1566,"[9, 5, 2, 6, 7, 1, 0, 8, 3, 4]"
1579,"[7, 0, 6, 3, 8, 9, 1, 4, 2, 5]"
1580,"[8, 3, 4, 6, 5, 9, 1, 2, 7, 0]"
1581,"[5, 0, 8, 2, 7, 4, 3, 9, 1, 6]"
1582,"[6, 0, 2, 3, 1, 8, 9, 7, 5, 4]"
1584,"[5, 1, 9, 0, 2, 4, 3, 8, 7, 6]"
1585,"[7, 9, 4, 1, 8, 2, 5, 6, 3, 0]"
1593,"[9, 5, 8, 7, 2, 6, 3, 4, 1, 0]"
1601,"[8, 3, 5, 0, 1, 7, 6, 9, 2, 4]"
1609,"[9, 7, 4, 0, 1, 2, 6, 3, 5, 8]"
1626,"[3, 0, 9, 8, 1, 6, 5, 7, 2, 4]"
1641,"[3, 2, 9, 4, 1, 7, 6, 5, 0, 8]"
1642,"[3, 7, 8, 6, 0, 4, 9, 1, 2, 5]"
1644,"[2, 6, 8, 0, 9, 4, 7, 1, 3, 5]"
1646,"[9, 5, 1, 7, 2, 3, 8, 6, 4, 0]"
1648,"[3, 2, 4, 9, 6, 0, 8, 5, 7, 1]"
1654,"[3, 9, 7, 1, 6, 5, 8, 4, 2, 0]"
1656,"[2, 3, 8, 7, 9, 4, 0, 6, 1, 5]"
1656,"[3, 5, 9, 4, 2, 1, 8, 7, 6, 0]"
1670,"[3, 6, 9, 5, 0, 1, 8, 7, 2, 4]"
1670,"[3, 6, 5, 8, 0, 9, 7, 2, 4, 1]"
1672,"[1, 3, 9, 0, 7, 2, 8, 5, 6, 4]"
1392,"[4, 6, 7, 1, 8, 2, 5, 0, 9, 3]"
1399,"[1, 5, 2, 7, 8, 6, 4, 9, 3, 0]"
1412,"[6, 1, 0, 2, 3, 4, 7, 5, 9, 8]"
1412,"[2, 0, 1, 4, 3, 6, 7, 5, 9, 8]"
1420,"[5, 4, 3, 6, 0, 2, 9, 8, 1, 7]"
1432,"[5, 1, 6, 8, 4, 3, 2, 7, 0, 9]"
1432,"[4, 8, 6, 7, 2, 1, 0, 5, 9, 3]"
1435,"[0, 4, 5, 8, 3, 1, 6, 7, 9, 2]"
1436,"[1, 5, 0, 6, 4, 9, 2, 8, 3, 7]"
1439,"[5, 7, 0, 4, 1, 3, 2, 8, 9, 6]"
1440,"[5, 1, 4, 6, 8, 3, 7, 0, 2, 9]"
1443,"[3, 8, 1, 4, 5, 0, 2, 7, 9, 6]"
1449,"[5, 0, 3, 8, 4, 6, 2, 7, 1, 9]"
1455,"[7, 6, 5, 1, 3, 0, 8, 4, 9, 2]"
1457,"[2, 5, 9, 3, 1, 0, 6, 7, 4, 8]"
1458,"[1, 4, 7, 5, 6, 9, 0, 8, 2, 3]"
1458,"[7, 6, 2, 5, 1, 4, 8, 9, 0, 3]"
1461,"[1, 3, 7, 5, 2, 4, 9, 6, 8, 0]"
1462,"[4, 1, 5, 7, 3, 9, 2, 6, 0, 8]"
1463,"[0, 3, 5, 6, 1, 8, 2, 4, 7, 9]"
1464,"[8, 4, 1, 0, 6, 9, 2, 3, 7, 5]"
1465,"[8, 0, 3, 1, 2, 6, 4, 7, 5, 9]"
1467,"[6, 0, 2, 4, 1, 5, 3, 8, 7, 9]"
1468,"[5, 6, 0, 2, 7, 9, 4, 3, 1, 8]"
1471,"[2, 8, 0, 1, 7, 3, 4, 6, 5, 9]"
1475,"[0, 1, 2, 8, 9, 6, 7, 4, 5, 3]"
1475,"[2, 5, 8, 7, 9, 3, 0, 6, 1, 4]"
1476,"[4, 9, 8, 1, 7, 3, 2, 0, 5, 6]"
1478,"[4, 2, 7, 6, 5, 0, 3, 9, 8, 1]"
1478,"[6, 4, 9, 3, 5, 7, 2, 8, 0, 1]"
1479,"[8, 0, 7, 3, 1, 6, 4, 2, 5, 9]"
1481,"[7, 4, 2, 5, 1, 3, 8, 0, 6, 9]"
1482,"[2, 7, 1, 0, 5, 8, 6, 4, 9, 3]"
1482,"[0, 7, 6, 4, 5, 8, 3, 1, 9, 2]"
1486,"[6, 7, 0, 1, 8, 3, 4, 5, 9, 2]"
1488,"[4, 1, 0, 7, 2, 8, 5, 3, 6, 9]"
1488,"[7, 1, 3, 5, 2, 6, 8, 9, 0, 4]"
1489,"[1, 3, 4, 5, 6, 9, 7, 8, 2, 0]"
1489,"[9, 2, 6, 4, 3, 5, 7, 0, 1, 8]"
1492,"[5, 1, 7, 2, 3, 6, 9, 8, 4, 0]"
1493,"[0, 4, 9, 2, 3, 8, 6, 5, 7, 1]"
1493,"[8, 2, 0, 1, 6, 4, 7, 5, 3, 9]"
1494,"[7, 2, 8, 4, 0, 5, 6, 9, 3, 1]"
1494,"[5, 2, 4, 3, 6, 9, 0, 1, 8, 7]"
1495,"[2, 4, 5, 7, 3, 6, 8, 9, 1, 0]"
1495,"[2, 8, 1, 4, 6, 7, 0, 5, 3, 9]"
1497,"[9, 1, 4, 5, 6, 7, 8, 0, 2, 3]"
1498,"[7, 6, 1, 2, 8, 9, 0, 3, 4, 5]"
1499,"[6, 8, 5, 2, 9, 3, 7, 1, 0, 4]"
1503,"[7, 3, 4, 9, 6, 2, 5, 1, 0, 8]"
1504,"[2, 8, 7, 4, 0, 5, 9, 3, 6, 1]"
1505,"[9, 7, 5, 0, 6, 4, 3, 2, 1, 8]"
1510,"[1, 6, 8, 2, 3, 5, 0, 7, 4, 9]"
1510,"[7, 4, 0, 3, 1, 9, 6, 8, 2, 5]"
1510,"[7, 4, 3, 8, 6, 2, 1, 5, 0, 9]"
1511,"[5, 9, 2, 0, 6, 8, 4, 3, 7, 1]"
1512,"[2, 4, 1, 5, 3, 8, 0, 6, 9, 7]"
1520,"[2, 8, 3, 6, 5, 1, 7, 9, 4, 0]"
1520,"[1, 2, 8, 0, 5, 6, 7, 9, 4, 3]"
1521,"[7, 3, 2, 6, 1, 5, 9, 4, 8, 0]"
1524,"[9, 7, 8, 0, 2, 1, 6, 4, 5, 3]"
1525,"[0, 9, 1, 8, 7, 6, 4, 3, 2, 5]"
1526,"[7, 0, 4, 8, 3, 5, 9, 6, 2, 1]"
1527,"[7, 9, 5, 2, 1, 6, 4, 3, 8, 0]"
1528,"[1, 4, 2, 3, 8, 0, 5, 6, 9, 7]"
1530,"[8, 5, 7, 3, 2, 6, 9, 1, 0, 4]"
1532,"[5, 7, 2, 6, 8, 1, 9, 0, 3, 4]"
1533,"[5, 6, 2, 3, 4, 9, 1, 8, 0, 7]"
1535,"[0, 9, 8, 7, 1, 3, 2, 5, 6, 4]"
1537,"[1, 8, 7, 0, 9, 5, 4, 6, 3, 2]"
1539,"[1, 0, 5, 9, 3, 6, 4, 7, 2, 8]"
1544,"[8, 2, 7, 1, 9, 5, 4, 6, 0, 3]"
1545,"[6, 4, 7, 3, 5, 9, 0, 2, 8, 1]"
1547,"[2, 3, 6, 5, 8, 9, 1, 0, 4, 7]"
1550,"[4, 8, 0, 1, 9, 5, 7, 6, 2, 3]"
1550,"[3, 4, 9, 5, 2, 8, 1, 0, 6, 7]"
1551,"[2, 6, 0, 5, 8, 9, 4, 1, 3, 7]"
1557,"[3, 2, 7, 8, 1, 5, 6, 0, 4, 9]"
1567,"[3, 9, 2, 6, 5, 7, 1, 8, 0, 4]"
1569,"[3, 4, 9, 8, 5, 2, 7, 6, 1, 0]"
1573,"[8, 3, 9, 4, 6, 2, 5, 7, 1, 0]"
1576,"[5, 8, 3, 2, 1, 9, 7, 6, 4, 0]"
1579,"[8, 5, 1, 2, 3, 6, 0, 4, 7, 9]"
1590,"[3, 1, 6, 0, 8, 7, 5, 9, 2, 4]"
1590,"[3, 1, 9, 4, 5, 2, 6, 0, 8, 7]"
1596,"[2, 4, 0, 3, 7, 9, 5, 8, 1, 6]"
1600,"[9, 0, 7, 5, 1, 3, 4, 2, 8, 6]"
1600,"[9, 5, 4, 7, 1, 0, 3, 8, 6, 2]"
1603,"[2, 8, 6, 4, 7, 0, 9, 1, 5, 3]"
1609,"[3, 0, 6, 9, 1, 5, 2, 4, 7, 8]"
1613,"[3, 4, 9, 8, 5, 2, 7, 1, 6, 0]"
1616,"[8, 3, 2, 6, 9, 0, 7, 5, 1, 4]"
1616,"[3, 6, 5, 0, 8, 4, 7, 1, 2, 9]"
1622,"[3, 7, 0, 9, 1, 4, 5, 2, 6, 8]"
1630,"[8, 7, 5, 6, 0, 9, 3, 1, 2, 4]"
1631,"[1, 4, 5, 9, 7, 0, 8, 2, 3, 6]"
1635,"[6, 3, 4, 9, 7, 8, 1, 2, 5, 0]"
1637,"[3, 0, 9, 5, 7, 1, 4, 8, 2, 6]"
1645,"[2, 3, 6, 0, 9, 5, 4, 1, 8, 7]"
1706,"[3, 9, 0, 7, 8, 1, 5, 4, 2, 6]"
1374,"[4, 1, 6, 0, 2, 5, 3, 7, 9, 8]"
1398,"[4, 1, 7, 6, 5, 3, 0, 2, 8, 9]"
1403,"[4, 0, 1, 6, 7, 2, 5, 9, 8, 3]"
1407,"[7, 0, 4, 2, 5, 1, 6, 9, 8, 3]"
1415,"[1, 6, 5, 8, 2, 9, 3, 7, 0, 4]"
1423,"[5, 7, 0, 9, 6, 8, 4, 3, 2, 1]"
1424,"[6, 4, 5, 0, 1, 2, 3, 7, 8, 9]"
1431,"[4, 1, 5, 9, 6, 2, 7, 3, 8, 0]"
1448,"[5, 1, 3, 2, 4, 9, 0, 6, 8, 7]"
1453,"[0, 5, 9, 3, 6, 7, 1, 8, 4, 2]"
1454,"[9, 8, 4, 6, 5, 3, 1, 2, 7, 0]"
1461,"[1, 3, 0, 2, 9, 6, 8, 7, 4, 5]"
1465,"[7, 2, 1, 0, 3, 6, 4, 5, 8, 9]"
1468,"[6, 3, 4, 2, 5, 7, 9, 8, 1, 0]"
1472,"[0, 1, 9, 3, 8, 6, 7, 4, 2, 5]"
1474,"[5, 3, 2, 4, 0, 1, 6, 7, 8, 9]"
1476,"[9, 2, 6, 0, 8, 4, 5, 7, 1, 3]"
1477,"[6, 2, 3, 1, 7, 4, 8, 5, 9, 0]"
1477,"[9, 0, 2, 4, 5, 6, 3, 7, 1, 8]"
1484,"[5, 8, 6, 7, 1, 9, 0, 4, 3, 2]"
1486,"[7, 0, 9, 5, 4, 3, 6, 8, 1, 2]"
1488,"[5, 0, 1, 2, 7, 8, 3, 9, 4, 6]"
1489,"[8, 7, 6, 4, 1, 5, 2, 3, 9, 0]"
1490,"[9, 1, 6, 7, 8, 5, 4, 0, 3, 2]"
1490,"[2, 4, 1, 7, 9, 6, 3, 5, 8, 0]"
1490,"[2, 4, 0, 6, 8, 3, 1, 5, 7, 9]"
1491,"[5, 1, 9, 3, 2, 8, 4, 6, 7, 0]"
1491,"[8, 2, 3, 4, 1, 5, 0, 9, 6, 7]"
1493,"[2, 1, 5, 8, 4, 9, 7, 6, 0, 3]"
1496,"[2, 1, 0, 9, 6, 7, 4, 8, 5, 3]"
1496,"[6, 0, 5, 8, 4, 2, 9, 3, 7, 1]"
1496,"[8, 5, 4, 2, 1, 7, 3, 0, 9, 6]"
1497,"[0, 3, 1, 4, 7, 9, 6, 5, 2, 8]"
1498,"[7, 6, 3, 4, 0, 8, 2, 5, 1, 9]"
1499,"[6, 4, 3, 0, 2, 7, 5, 9, 8, 1]"
1502,"[5, 1, 0, 9, 7, 6, 4, 2, 3, 8]"
1503,"[9, 4, 5, 0, 6, 2, 8, 7, 3, 1]"
1505,"[0, 5, 2, 4, 3, 7, 8, 6, 9, 1]"
1507,"[2, 5, 0, 8, 6, 7, 9, 1, 4, 3]"
1509,"[5, 3, 0, 2, 9, 8, 4, 7, 6, 1]"
1510,"[6, 1, 2, 3, 0, 5, 9, 7, 4, 8]"
1511,"[5, 1, 9, 7, 4, 6, 8, 0, 2, 3]"
1512,"[7, 5, 1, 8, 9, 3, 6, 0, 2, 4]"
1512,"[4, 1, 8, 2, 3, 5, 7, 6, 0, 9]"
1512,"[4, 9, 8, 3, 1, 0, 2, 7, 5, 6]"
1516,"[7, 3, 6, 5, 2, 8, 0, 4, 9, 1]"
1517,"[7, 9, 2, 0, 4, 3, 8, 5, 1, 6]"
1518,"[1, 2, 9, 3, 5, 8, 6, 4, 7, 0]"
1520,"[7, 6, 9, 2, 8, 1, 0, 3, 5, 4]"
1525,"[4, 8, 0, 3, 2, 1, 7, 5, 9, 6]"
1528,"[7, 9, 1, 8, 5, 0, 6, 3, 4, 2]"
1529,"[0, 6, 2, 9, 1, 5, 4, 8, 7, 3]"
1529,"[9, 6, 7, 0, 1, 5, 4, 2, 3, 8]"
1530,"[0, 7, 6, 8, 9, 4, 3, 5, 2, 1]"
1533,"[3, 1, 4, 9, 2, 8, 5, 6, 7, 0]"
1534,"[0, 5, 1, 3, 6, 4, 8, 9, 7, 2]"
1534,"[6, 1, 3, 8, 2, 7, 0, 5, 4, 9]"
1536,"[4, 2, 0, 7, 1, 3, 8, 9, 5, 6]"
1537,"[9, 2, 3, 0, 4, 6, 7, 1, 5, 8]"
1537,"[6, 7, 9, 3, 5, 1, 0, 8, 2, 4]"
1538,"[6, 2, 9, 8, 0, 5, 1, 4, 3, 7]"
1540,"[2, 7, 8, 9, 0, 6, 4, 3, 5, 1]"
1541,"[2, 7, 0, 3, 4, 1, 9, 8, 6, 5]"
1541,"[5, 8, 3, 2, 0, 4, 1, 7, 6, 9]"
1541,"[9, 4, 3, 8, 5, 0, 1, 7, 6, 2]"
1541,"[5, 9, 0, 4, 2, 3, 7, 6, 1, 8]"
1543,"[5, 0, 9, 1, 6, 2, 3, 7, 4, 8]"
1543,"[0, 1, 6, 2, 3, 9, 8, 5, 4, 7]"
1545,"[0, 4, 3, 2, 7, 6, 8, 5, 9, 1]"
1546,"[4, 7, 0, 2, 3, 5, 1, 9, 8, 6]"
1550,"[7, 8, 0, 6, 4, 3, 5, 1, 2, 9]"
1551,"[1, 6, 9, 2, 8, 4, 7, 0, 5, 3]"
1553,"[9, 7, 8, 4, 0, 5, 3, 6, 1, 2]"
1554,"[2, 1, 4, 3, 6, 9, 0, 8, 7, 5]"
1554,"[4, 3, 1, 5, 9, 8, 2, 7, 0, 6]"
1556,"[5, 1, 9, 2, 8, 3, 6, 0, 4, 7]"
1556,"[8, 3, 4, 2, 1, 6, 9, 7, 5, 0]"
1556,"[0, 6, 9, 3, 1, 7, 5, 2, 8, 4]"
1559,"[1, 9, 0, 4, 8, 6, 2, 7, 5, 3]"
1560,"[7, 9, 5, 6, 1, 2, 3, 8, 4, 0]"
1561,"[3, 2, 4, 9, 8, 6, 5, 0, 1, 7]"
1561,"[1, 9, 2, 0, 8, 4, 7, 3, 5, 6]"
1566,"[4, 2, 8, 1, 3, 7, 9, 0, 6, 5]"
1566,"[1, 6, 9, 4, 2, 8, 3, 7, 0, 5]"
1570,"[3, 9, 5, 2, 6, 8, 4, 1, 7, 0]"
1571,"[2, 1, 8, 7, 5, 9, 0, 4, 3, 6]"
1582,"[8, 5, 0, 2, 9, 4, 1, 6, 3, 7]"
1591,"[8, 4, 6, 3, 1, 0, 9, 7, 5, 2]"
1592,"[4, 2, 7, 3, 0, 8, 5, 6, 9, 1]"
1593,"[9, 7, 1, 3, 8, 5, 0, 2, 4, 6]"
1605,"[2, 0, 3, 6, 8, 5, 9, 4, 1, 7]"
1605,"[2, 9, 7, 8, 4, 0, 5, 3, 1, 6]"
1606,"[3, 0, 7, 2, 4, 5, 8, 1, 6, 9]"
1618,"[3, 4, 9, 8, 7, 0, 1, 5, 6, 2]"
1624,"[3, 6, 0, 4, 5, 8, 9, 7, 2, 1]"
1624,"[3, 8, 7, 9, 0, 2, 5, 1, 6, 4]"
1626,"[9, 8, 5, 3, 4, 1, 2, 7, 6, 0]"
1630,"[8, 5, 9, 3, 4, 0, 7, 6, 2, 1]"
1674,"[1, 7, 9, 0, 5, 8, 3, 2, 6, 4]"
1705,"[1, 9, 4, 7, 3, 0, 5, 2, 8, 6]"
1393,"[4, 5, 1, 7, 0, 6, 8, 9, 3, 2]"
1403,"[1, 5, 0, 2, 9, 6, 8, 3, 7, 4]"
1420,"[1, 7, 4, 5, 3, 6, 8, 9, 2, 0]"
1421,"[9, 6, 3, 1, 4, 8, 2, 7, 5, 0]"
1428,"[0, 4, 1, 6, 5, 3, 8, 9, 2, 7]"
1431,"[4, 6, 0, 5, 8, 1, 3, 7, 9, 2]"
1433,"[2, 5, 4, 7, 9, 6, 0, 1, 3, 8]"
1443,"[6, 5, 2, 0, 7, 4, 3, 8, 1, 9]"
1445,"[4, 5, 1, 3, 8, 6, 0, 2, 7, 9]"
1448,"[6, 4, 2, 1, 5, 0, 3, 8, 9, 7]"
1451,"[2, 4, 1, 5, 3, 0, 8, 9, 6, 7]"
1452,"[3, 6, 2, 1, 5, 4, 0, 9, 8, 7]"
1452,"[7, 1, 6, 5, 2, 4, 8, 3, 0, 9]"
1458,"[9, 7, 6, 2, 8, 1, 5, 0, 4, 3]"
1460,"[5, 7, 6, 2, 9, 8, 1, 3, 0, 4]"
1460,"[9, 5, 6, 1, 7, 3, 0, 4, 8, 2]"
1462,"[1, 2, 0, 9, 4, 5, 6, 7, 3, 8]"
1462,"[1, 8, 6, 0, 7, 4, 5, 3, 9, 2]"
1464,"[2, 5, 8, 6, 3, 4, 7, 0, 1, 9]"
1465,"[0, 5, 4, 6, 8, 9, 2, 7, 3, 1]"
1470,"[9, 8, 3, 4, 2, 6, 5, 1, 0, 7]"
1472,"[3, 5, 2, 0, 7, 9, 6, 8, 1, 4]"
1474,"[4, 0, 2, 9, 6, 5, 1, 8, 3, 7]"
1475,"[1, 7, 3, 6, 4, 5, 0, 9, 2, 8]"
1476,"[2, 0, 9, 1, 6, 7, 4, 5, 3, 8]"
1478,"[0, 5, 2, 6, 7, 3, 8, 1, 9, 4]"
1478,"[3, 4, 1, 6, 8, 9, 2, 5, 0, 7]"
1478,"[6, 4, 2, 0, 1, 3, 7, 9, 8, 5]"
1479,"[5, 8, 4, 1, 9, 3, 2, 7, 6, 0]"
1479,"[1, 2, 6, 0, 7, 8, 9, 3, 4, 5]"
1480,"[1, 6, 0, 2, 3, 9, 8, 4, 5, 7]"
1481,"[5, 2, 9, 8, 3, 0, 6, 7, 1, 4]"
1482,"[0, 4, 3, 8, 1, 2, 7, 6, 9, 5]"
1483,"[6, 0, 5, 1, 9, 2, 3, 7, 4, 8]"
1486,"[3, 8, 2, 1, 6, 5, 0, 4, 9, 7]"
1487,"[1, 0, 9, 2, 7, 6, 4, 8, 5, 3]"
1488,"[3, 6, 7, 0, 4, 5, 1, 9, 8, 2]"
1489,"[4, 2, 5, 8, 3, 1, 9, 6, 0, 7]"
1490,"[4, 9, 5, 3, 6, 0, 7, 2, 8, 1]"
1493,"[5, 4, 3, 6, 7, 2, 8, 9, 1, 0]"
1500,"[5, 3, 0, 2, 8, 6, 9, 1, 4, 7]"
1502,"[7, 9, 2, 8, 4, 1, 6, 5, 0, 3]"
1503,"[3, 4, 0, 1, 5, 9, 7, 6, 8, 2]"
1504,"[8, 3, 7, 1, 6, 2, 4, 0, 9, 5]"
1504,"[1, 3, 7, 6, 5, 4, 9, 0, 2, 8]"
1506,"[2, 7, 6, 9, 0, 4, 5, 3, 1, 8]"
1506,"[4, 2, 8, 7, 6, 3, 1, 0, 5, 9]"
1508,"[6, 7, 1, 0, 9, 5, 4, 8, 2, 3]"
1509,"[0, 5, 8, 4, 7, 9, 2, 3, 1, 6]"
1510,"[6, 2, 4, 8, 1, 7, 0, 9, 3, 5]"
1511,"[9, 3, 2, 6, 7, 8, 5, 4, 1, 0]"
1512,"[6, 0, 8, 5, 9, 3, 4, 2, 1, 7]"
1512,"[9, 8, 3, 5, 2, 7, 4, 0, 6, 1]"
1513,"[0, 5, 4, 2, 8, 7, 9, 1, 6, 3]"
1514,"[7, 9, 1, 3, 5, 4, 2, 0, 8, 6]"
1516,"[3, 4, 6, 8, 5, 0, 1, 9, 2, 7]"
1519,"[8, 7, 6, 1, 5, 9, 4, 3, 2, 0]"
1520,"[9, 1, 6, 0, 3, 7, 4, 2, 8, 5]"
1520,"[7, 8, 3, 4, 0, 5, 2, 9, 6, 1]"
1520,"[3, 1, 6, 7, 8, 9, 5, 4, 2, 0]"
1521,"[6, 1, 7, 3, 0, 5, 9, 4, 8, 2]"
1523,"[7, 0, 3, 1, 9, 6, 4, 8, 2, 5]"
1525,"[7, 5, 2, 3, 9, 1, 0, 4, 6, 8]"
1526,"[2, 1, 5, 3, 0, 7, 8, 9, 4, 6]"
1527,"[6, 0, 1, 5, 9, 4, 3, 7, 8, 2]"
1527,"[9, 2, 4, 6, 8, 5, 0, 7, 1, 3]"
1527,"[7, 8, 0, 1, 5, 2, 9, 3, 6, 4]"
1528,"[1, 6, 2, 3, 0, 8, 5, 7, 4, 9]"
1528,"[6, 0, 1, 8, 3, 7, 2, 4, 9, 5]"
1529,"[2, 7, 0, 9, 8, 1, 6, 3, 4, 5]"
1530,"[9, 0, 3, 5, 2, 7, 6, 1, 4, 8]"
1530,"[3, 7, 6, 5, 4, 1, 8, 9, 0, 2]"
1530,"[9, 8, 5, 2, 1, 3, 0, 6, 4, 7]"
1536,"[8, 0, 1, 7, 4, 9, 5, 3, 6, 2]"
1540,"[1, 7, 9, 6, 4, 8, 0, 5, 3, 2]"
1541,"[2, 0, 4, 8, 5, 9, 7, 6, 3, 1]"
1542,"[9, 5, 7, 4, 0, 6, 3, 8, 1, 2]"
1542,"[5, 9, 8, 0, 4, 2, 1, 6, 7, 3]"
1542,"[4, 3, 6, 9, 1, 7, 5, 2, 0, 8]"
1545,"[0, 5, 3, 2, 9, 4, 7, 6, 1, 8]"
1547,"[1, 8, 2, 9, 5, 3, 0, 6, 4, 7]"
1553,"[6, 4, 8, 3, 0, 1, 5, 7, 2, 9]"
1558,"[9, 4, 6, 0, 8, 7, 2, 5, 1, 3]"
1561,"[1, 5, 9, 0, 8, 4, 7, 6, 3, 2]"
1563,"[8, 0, 6, 7, 2, 3, 1, 4, 9, 5]"
1566,"[4, 9, 1, 2, 3, 7, 0, 8, 6, 5]"
1574,"[4, 3, 8, 0, 2, 9, 5, 1, 7, 6]"
1589,"[7, 1, 9, 0, 6, 4, 2, 5, 8, 3]"
1591,"[0, 8, 1, 9, 2, 6, 7, 5, 3, 4]"
1593,"[8, 9, 4, 6, 3, 0, 5, 7, 1, 2]"
1595,"[9, 4, 3, 1, 7, 2, 8, 0, 5, 6]"
1598,"[7, 3, 1, 9, 0, 4, 2, 6, 5, 8]"
1598,"[3, 7, 1, 9, 0, 8, 6, 2, 5, 4]"
1621,"[3, 4, 6, 5, 7, 8, 0, 9, 1, 2]"
1624,"[6, 8, 7, 9, 5, 4, 0, 3, 1, 2]"
1627,"[8, 6, 3, 4, 9, 7, 2, 1, 5, 0]"
1636,"[2, 7, 6, 3, 1, 9, 5, 8, 4, 0]"
1638,"[7, 3, 4, 0, 2, 8, 9, 1, 5, 6]"
1640,"[4, 8, 2, 3, 7, 0, 9, 5, 1, 6]"
1681,"[8, 3, 9, 1, 2, 6, 5, 0, 4, 7]"
1364,"[2, 0, 5, 6, 7, 1, 4, 9, 3, 8]"
1387,"[4, 0, 1, 2, 8, 5, 7, 9, 6, 3]"
1402,"[1, 4, 5, 2, 0, 7, 3, 6, 9, 8]"
1437,"[1, 4, 3, 5, 2, 9, 8, 7, 0, 6]"
1439,"[0, 5, 2, 4, 8, 9, 6, 1, 3, 7]"
1442,"[2, 1, 7, 6, 9, 8, 5, 4, 3, 0]"
1442,"[1, 0, 5, 4, 9, 3, 6, 7, 2, 8]"
1452,"[4, 7, 9, 1, 8, 6, 5, 3, 0, 2]"
1454,"[5, 2, 1, 3, 7, 6, 8, 0, 4, 9]"
1458,"[0, 4, 6, 1, 7, 2, 3, 5, 8, 9]"
1458,"[3, 1, 4, 6, 8, 5, 2, 7, 9, 0]"
1460,"[4, 5, 6, 3, 1, 7, 8, 0, 9, 2]"
1460,"[1, 6, 5, 4, 2, 0, 8, 3, 9, 7]"
1465,"[1, 2, 9, 6, 5, 0, 7, 3, 4, 8]"
1468,"[8, 4, 3, 5, 2, 1, 9, 0, 6, 7]"
1470,"[0, 1, 6, 8, 5, 3, 2, 7, 4, 9]"
1473,"[9, 5, 3, 7, 4, 6, 8, 1, 0, 2]"
1480,"[5, 4, 8, 1, 7, 2, 9, 3, 0, 6]"
1481,"[4, 0, 5, 7, 8, 9, 1, 3, 6, 2]"
1481,"[9, 7, 1, 0, 4, 6, 2, 3, 5, 8]"
1487,"[7, 6, 9, 5, 0, 3, 1, 8, 4, 2]"
1487,"[4, 2, 6, 5, 8, 3, 1, 0, 9, 7]"
1488,"[6, 1, 2, 7, 3, 8, 5, 4, 9, 0]"
1488,"[1, 8, 2, 5, 7, 6, 9, 4, 0, 3]"
1489,"[2, 4, 1, 0, 5, 9, 3, 8, 7, 6]"
1489,"[2, 4, 7, 0, 8, 9, 3, 6, 1, 5]"
1492,"[0, 2, 4, 1, 6, 3, 9, 5, 7, 8]"
1496,"[8, 5, 6, 1, 0, 2, 4, 7, 3, 9]"
1499,"[0, 9, 1, 7, 6, 8, 4, 2, 3, 5]"
1500,"[5, 6, 9, 0, 7, 4, 8, 1, 3, 2]"
1503,"[8, 6, 5, 0, 1, 3, 2, 4, 7, 9]"
1503,"[1, 5, 3, 4, 9, 2, 0, 8, 6, 7]"
1504,"[7, 5, 1, 9, 4, 6, 2, 8, 3, 0]"
1505,"[4, 0, 6, 2, 8, 7, 5, 9, 1, 3]"
1505,"[8, 4, 3, 1, 5, 2, 7, 6, 0, 9]"
1506,"[9, 5, 4, 2, 3, 6, 1, 7, 8, 0]"
1507,"[7, 2, 0, 8, 6, 3, 1, 5, 4, 9]"
1510,"[4, 9, 5, 0, 8, 1, 3, 6, 2, 7]"
1512,"[9, 8, 2, 4, 3, 5, 7, 6, 0, 1]"
1514,"[7, 9, 2, 3, 6, 0, 4, 8, 5, 1]"
1515,"[5, 2, 9, 8, 7, 0, 3, 4, 6, 1]"
1517,"[0, 9, 7, 4, 2, 8, 3, 1, 5, 6]"
1518,"[6, 9, 3, 8, 1, 2, 7, 4, 0, 5]"
1520,"[0, 8, 7, 1, 6, 3, 4, 9, 2, 5]"
1520,"[8, 5, 0, 6, 4, 1, 7, 2, 9, 3]"
1520,"[7, 5, 6, 9, 3, 1, 0, 2, 8, 4]"
1520,"[9, 0, 4, 8, 5, 6, 3, 2, 1, 7]"
1522,"[6, 5, 9, 3, 8, 1, 0, 2, 4, 7]"
1527,"[7, 1, 5, 0, 9, 3, 8, 2, 6, 4]"
1529,"[0, 4, 6, 2, 8, 7, 1, 3, 9, 5]"
1530,"[9, 7, 6, 2, 3, 1, 0, 5, 8, 4]"
1532,"[8, 0, 4, 2, 5, 9, 1, 6, 7, 3]"
1532,"[9, 6, 8, 4, 1, 5, 3, 2, 7, 0]"
1533,"[4, 0, 9, 5, 7, 8, 3, 2, 6, 1]"
1533,"[0, 3, 5, 8, 6, 1, 2, 4, 9, 7]"
1535,"[7, 9, 1, 4, 3, 0, 5, 2, 6, 8]"
1535,"[3, 6, 9, 1, 7, 5, 4, 0, 2, 8]"
1539,"[2, 4, 3, 7, 0, 9, 6, 8, 1, 5]"
1540,"[1, 5, 6, 9, 2, 4, 7, 8, 0, 3]"
1544,"[1, 0, 9, 6, 5, 8, 2, 4, 3, 7]"
1545,"[9, 7, 3, 6, 5, 8, 1, 2, 0, 4]"
1546,"[9, 1, 8, 7, 2, 0, 4, 5, 6, 3]"
1547,"[1, 8, 2, 0, 3, 6, 9, 5, 4, 7]"
1549,"[1, 5, 8, 4, 3, 2, 9, 0, 7, 6]"
1552,"[9, 8, 1, 5, 7, 4, 3, 0, 2, 6]"
1552,"[6, 0, 9, 5, 2, 4, 7, 3, 1, 8]"
1553,"[1, 2, 0, 6, 4, 3, 8, 9, 7, 5]"
1554,"[4, 7, 8, 9, 1, 6, 2, 5, 3, 0]"
1555,"[4, 0, 9, 5, 8, 2, 6, 3, 7, 1]"
1557,"[8, 5, 9, 2, 3, 1, 4, 0, 7, 6]"
1557,"[9, 1, 3, 0, 4, 5, 8, 6, 2, 7]"
1564,"[0, 2, 1, 8, 6, 7, 3, 9, 5, 4]"
1565,"[4, 3, 5, 9, 2, 1, 0, 7, 6, 8]"
1566,"[9, 6, 4, 1, 5, 3, 0, 8, 7, 2]"
1567,"[9, 7, 1, 3, 5, 8, 6, 0, 4, 2]"
1571,"[6, 7, 3, 2, 4, 1, 8, 0, 9, 5]"
1572,"[6, 8, 9, 0, 5, 3, 7, 4, 2, 1]"
1573,"[3, 5, 8, 7, 6, 0, 1, 9, 4, 2]"
1575,"[8, 9, 7, 6, 5, 1, 3, 0, 2, 4]"
1577,"[6, 1, 8, 7, 2, 3, 4, 9, 0, 5]"
1578,"[8, 4, 1, 6, 3, 9, 2, 7, 0, 5]"
1579,"[0, 5, 4, 8, 9, 3, 1, 7, 2, 6]"
1581,"[2, 6, 9, 4, 7, 0, 8, 5, 1, 3]"
1581,"[4, 3, 8, 6, 0, 1, 9, 5, 7, 2]"
1591,"[9, 6, 0, 1, 2, 7, 8, 5, 3, 4]"
1596,"[6, 9, 4, 1, 2, 5, 3, 8, 0, 7]"
1596,"[9, 8, 7, 1, 2, 6, 5, 3, 0, 4]"
1599,"[2, 5, 3, 9, 7, 0, 1, 4, 6, 8]"
1600,"[2, 4, 8, 9, 6, 0, 3, 5, 7, 1]"
1600,"[6, 8, 9, 3, 0, 5, 2, 7, 4, 1]"
1607,"[8, 4, 9, 0, 3, 1, 2, 6, 7, 5]"
1614,"[6, 8, 7, 2, 4, 0, 3, 9, 1, 5]"
1619,"[0, 9, 4, 1, 7, 3, 2, 8, 5, 6]"
1623,"[3, 7, 0, 5, 2, 9, 4, 1, 6, 8]"
1630,"[7, 2, 8, 6, 9, 1, 0, 5, 3, 4]"
1637,"[3, 9, 7, 5, 4, 8, 2, 1, 0, 6]"
1644,"[9, 8, 7, 0, 1, 5, 2, 6, 4, 3]"
1651,"[9, 7, 5, 3, 8, 0, 1, 2, 6, 4]"
1716,"[0, 3, 9, 4, 5, 8, 7, 1, 2, 6]"
1717,"[9, 0, 4, 7, 5, 8, 2, 3, 6, 1]"
1380,"[7, 0, 2, 1, 6, 5, 4, 8, 9, 3]"
1381,"[2, 4, 5, 7, 0, 1, 6, 9, 3, 8]"
1391,"[6, 2, 0, 5, 1, 7, 4, 3, 9, 8]"
1417,"[2, 1, 6, 7, 4, 9, 8, 5, 0, 3]"
1425,"[7, 1, 6, 0, 5, 9, 8, 3, 4, 2]"
1434,"[4, 1, 6, 8, 7, 3, 2, 5, 0, 9]"
1435,"[7, 5, 4, 2, 0, 8, 6, 1, 3, 9]"
1435,"[0, 5, 7, 8, 2, 4, 6, 9, 3, 1]"
1437,"[1, 2, 9, 5, 6, 8, 7, 4, 0, 3]"
1438,"[8, 9, 6, 3, 1, 4, 0, 2, 5, 7]"
1444,"[0, 9, 5, 6, 8, 1, 7, 3, 4, 2]"
1445,"[2, 6, 0, 4, 9, 8, 5, 1, 3, 7]"
1446,"[9, 6, 2, 3, 5, 1, 0, 8, 4, 7]"
1454,"[5, 0, 6, 2, 9, 7, 4, 3, 1, 8]"
1455,"[2, 8, 1, 4, 5, 0, 3, 6, 9, 7]"
1458,"[1, 2, 4, 8, 5, 7, 3, 9, 0, 6]"
1466,"[6, 3, 1, 2, 0, 7, 9, 5, 4, 8]"
1467,"[1, 4, 7, 3, 6, 9, 5, 0, 8, 2]"
1470,"[7, 5, 3, 2, 6, 4, 8, 0, 1, 9]"
1470,"[2, 0, 4, 3, 1, 8, 7, 6, 5, 9]"
1472,"[2, 0, 1, 3, 8, 7, 6, 4, 5, 9]"
1472,"[7, 6, 4, 1, 3, 2, 9, 5, 0, 8]"
1473,"[5, 3, 4, 6, 0, 2, 1, 9, 7, 8]"
1479,"[5, 6, 8, 7, 0, 3, 2, 1, 4, 9]"
1479,"[4, 7, 8, 6, 0, 2, 5, 1, 3, 9]"
1480,"[0, 3, 6, 7, 4, 8, 1, 5, 2, 9]"
1488,"[9, 3, 2, 1, 5, 6, 8, 4, 0, 7]"
1488,"[9, 0, 2, 7, 4, 6, 3, 1, 8, 5]"
1491,"[2, 9, 7, 1, 6, 0, 3, 5, 4, 8]"
1492,"[6, 3, 0, 2, 5, 9, 8, 1, 4, 7]"
1492,"[9, 4, 3, 7, 6, 5, 2, 1, 0, 8]"
1493,"[3, 7, 8, 5, 1, 6, 4, 9, 0, 2]"
1494,"[0, 5, 3, 8, 7, 1, 2, 9, 4, 6]"
1496,"[8, 3, 4, 2, 7, 6, 1, 5, 9, 0]"
1498,"[1, 0, 3, 5, 2, 4, 8, 7, 6, 9]"
1499,"[2, 8, 5, 1, 7, 6, 4, 3, 0, 9]"
1499,"[4, 9, 8, 6, 0, 1, 2, 7, 5, 3]"
1501,"[6, 0, 7, 9, 5, 4, 3, 1, 8, 2]"
1501,"[4, 7, 9, 2, 8, 3, 1, 6, 5, 0]"
1505,"[1, 2, 3, 6, 0, 4, 8, 9, 5, 7]"
1505,"[7, 3, 0, 2, 5, 6, 9, 8, 1, 4]"
1507,"[6, 9, 1, 5, 7, 4, 8, 2, 0, 3]"
1508,"[3, 2, 5, 7, 1, 0, 6, 8, 4, 9]"
1511,"[4, 5, 0, 7, 1, 8, 2, 3, 6, 9]"
1518,"[1, 3, 6, 9, 0, 2, 7, 4, 8, 5]"
1521,"[8, 2, 4, 7, 5, 6, 3, 0, 1, 9]"
1521,"[2, 1, 4, 9, 0, 5, 7, 6, 3, 8]"
1521,"[1, 6, 8, 7, 4, 3, 5, 9, 0, 2]"
1522,"[8, 5, 7, 9, 4, 6, 3, 1, 0, 2]"
1522,"[9, 5, 1, 8, 0, 3, 7, 6, 4, 2]"
1523,"[3, 5, 4, 2, 9, 6, 8, 7, 0, 1]"
1523,"[4, 3, 9, 5, 2, 6, 1, 8, 0, 7]"
1525,"[7, 9, 5, 4, 8, 1, 6, 0, 3, 2]"
1525,"[2, 8, 6, 5, 3, 4, 1, 9, 0, 7]"
1530,"[5, 1, 3, 8, 9, 2, 6, 4, 7, 0]"
1532,"[1, 7, 3, 8, 6, 9, 5, 0, 4, 2]"
1537,"[8, 3, 4, 6, 0, 7, 1, 5, 2, 9]"
1537,"[5, 8, 6, 9, 7, 4, 3, 1, 2, 0]"
1537,"[8, 4, 9, 2, 1, 7, 0, 6, 3, 5]"
1540,"[9, 1, 0, 5, 6, 2, 3, 7, 4, 8]"
1541,"[7, 8, 4, 2, 0, 5, 3, 1, 6, 9]"
1542,"[5, 0, 3, 9, 7, 4, 8, 6, 2, 1]"
1543,"[1, 2, 8, 6, 7, 9, 0, 4, 5, 3]"
1543,"[9, 5, 3, 1, 2, 0, 6, 7, 8, 4]"
1545,"[3, 6, 5, 2, 0, 8, 4, 7, 1, 9]"
1545,"[1, 8, 2, 0, 6, 9, 4, 3, 7, 5]"
1549,"[8, 3, 0, 5, 1, 4, 7, 9, 6, 2]"
1551,"[3, 9, 2, 5, 1, 7, 0, 6, 4, 8]"
1552,"[9, 7, 6, 8, 0, 5, 3, 1, 4, 2]"
1560,"[9, 4, 6, 0, 3, 5, 1, 7, 2, 8]"
1562,"[2, 9, 6, 4, 8, 1, 3, 0, 7, 5]"
1565,"[8, 2, 6, 5, 3, 9, 1, 4, 0, 7]"
1565,"[0, 7, 5, 8, 6, 3, 1, 9, 2, 4]"
1565,"[9, 5, 3, 8, 7, 1, 6, 2, 4, 0]"
1568,"[8, 7, 4, 2, 1, 9, 0, 3, 6, 5]"
1569,"[2, 0, 1, 5, 9, 4, 3, 8, 7, 6]"
1571,"[6, 9, 5, 0, 3, 4, 8, 7, 1, 2]"
1572,"[8, 1, 7, 3, 9, 2, 5, 0, 6, 4]"
1572,"[9, 5, 8, 4, 0, 7, 3, 6, 2, 1]"
1576,"[8, 9, 6, 3, 0, 1, 7, 2, 4, 5]"
1578,"[3, 2, 1, 0, 8, 7, 5, 4, 6, 9]"
1591,"[9, 3, 7, 1, 4, 5, 8, 2, 0, 6]"
1594,"[3, 4, 9, 2, 7, 6, 0, 8, 1, 5]"
1594,"[6, 4, 3, 8, 0, 5, 7, 2, 9, 1]"
1602,"[4, 7, 3, 0, 5, 8, 9, 2, 1, 6]"
1602,"[6, 2, 8, 4, 9, 3, 7, 0, 1, 5]"
1605,"[9, 8, 0, 3, 1, 5, 2, 6, 7, 4]"
1608,"[0, 8, 3, 7, 1, 9, 2, 6, 4, 5]"
1615,"[0, 9, 1, 3, 7, 5, 2, 6, 8, 4]"
1619,"[5, 3, 8, 1, 4, 0, 9, 7, 2, 6]"
1626,"[3, 8, 5, 9, 7, 4, 1, 0, 6, 2]"
1628,"[9, 0, 4, 2, 7, 8, 3, 1, 5, 6]"
1636,"[7, 8, 9, 0, 5, 2, 3, 6, 4, 1]"
1636,"[0, 7, 8, 9, 4, 1, 3, 2, 6, 5]"
1639,"[3, 8, 6, 9, 2, 7, 4, 0, 1, 5]"
1652,"[8, 1, 4, 3, 9, 7, 5, 2, 6, 0]"
1671,"[5, 7, 6, 3, 8, 0, 9, 1, 2, 4]"
1673,"[2, 3, 1, 9, 7, 4, 5, 8, 0, 6]"
1680,"[8, 5, 4, 9, 7, 1, 0, 2, 3, 6]"
1709,"[5, 9, 3, 0, 4, 7, 1, 2, 8, 6]"
1346,"[0, 1, 2, 5, 4, 6, 7, 8, 9, 3]"
1442,"[2, 1, 0, 4, 5, 8, 7, 3, 9, 6]"
1448,"[1, 4, 0, 6, 8, 7, 5, 3, 9, 2]"
1449,"[2, 7, 6, 0, 4, 9, 8, 5, 1, 3]"
1452,"[1, 5, 4, 0, 8, 6, 3, 9, 2, 7]"
1452,"[1, 7, 5, 9, 3, 6, 4, 8, 2, 0]"
1453,"[5, 8, 0, 1, 6, 2, 3, 7, 9, 4]"
1457,"[2, 0, 7, 1, 4, 3, 8, 5, 9, 6]"
1464,"[4, 1, 3, 5, 6, 7, 8, 9, 2, 0]"
1466,"[8, 6, 9, 7, 4, 3, 2, 5, 1, 0]"
1469,"[1, 7, 0, 6, 5, 3, 9, 4, 8, 2]"
1469,"[4, 2, 6, 5, 8, 9, 1, 0, 3, 7]"
1474,"[3, 1, 5, 2, 6, 4, 8, 9, 7, 0]"
1475,"[5, 7, 1, 8, 6, 9, 2, 3, 0, 4]"
1478,"[3, 8, 1, 5, 2, 9, 6, 4, 7, 0]"
1478,"[5, 6, 8, 0, 3, 4, 2, 7, 1, 9]"
1480,"[0, 1, 9, 3, 6, 7, 8, 4, 5, 2]"
1481,"[0, 8, 5, 4, 1, 3, 6, 9, 2, 7]"
1483,"[4, 5, 8, 3, 7, 6, 0, 1, 9, 2]"
1484,"[5, 7, 9, 3, 1, 0, 8, 4, 6, 2]"
1490,"[5, 0, 1, 2, 6, 4, 8, 3, 7, 9]"
1493,"[4, 8, 9, 3, 5, 0, 6, 2, 1, 7]"
1498,"[5, 6, 7, 8, 1, 9, 2, 4, 3, 0]"
1502,"[6, 5, 7, 4, 8, 2, 9, 0, 1, 3]"
1512,"[6, 5, 1, 4, 0, 3, 8, 9, 7, 2]"
1514,"[4, 1, 3, 9, 5, 0, 6, 7, 8, 2]"
1516,"[9, 0, 2, 6, 3, 5, 7, 8, 1, 4]"
1519,"[9, 8, 5, 0, 7, 6, 1, 4, 2, 3]"
1519,"[6, 5, 3, 2, 7, 4, 0, 8, 9, 1]"
1521,"[3, 5, 1, 9, 6, 2, 8, 4, 7, 0]"
1522,"[2, 1, 4, 0, 6, 7, 3, 9, 5, 8]"
1522,"[8, 1, 3, 6, 0, 2, 9, 5, 7, 4]"
1523,"[3, 7, 6, 5, 2, 8, 1, 4, 0, 9]"
1524,"[8, 7, 6, 2, 1, 9, 5, 0, 4, 3]"
1526,"[5, 8, 6, 7, 1, 0, 9, 4, 2, 3]"
1526,"[2, 9, 5, 7, 8, 4, 1, 6, 0, 3]"
1527,"[4, 8, 1, 3, 7, 5, 2, 0, 6, 9]"
1530,"[9, 8, 1, 7, 3, 6, 0, 2, 4, 5]"
1531,"[0, 9, 1, 6, 7, 5, 4, 8, 2, 3]"
1531,"[7, 9, 8, 3, 4, 1, 6, 2, 5, 0]"
1533,"[0, 2, 8, 6, 3, 4, 1, 9, 5, 7]"
1534,"[2, 1, 7, 4, 8, 9, 3, 6, 0, 5]"
1537,"[9, 6, 8, 7, 1, 0, 5, 3, 4, 2]"
1537,"[0, 4, 7, 3, 5, 8, 9, 2, 1, 6]"
1539,"[6, 4, 3, 2, 1, 9, 8, 7, 5, 0]"
1540,"[6, 8, 0, 4, 9, 3, 7, 5, 1, 2]"
1540,"[4, 6, 7, 8, 3, 1, 2, 9, 0, 5]"
1542,"[7, 0, 2, 8, 6, 3, 5, 1, 9, 4]"
1547,"[3, 9, 4, 6, 8, 2, 0, 1, 5, 7]"
1549,"[2, 7, 9, 1, 4, 0, 3, 8, 6, 5]"
1549,"[4, 6, 1, 9, 2, 7, 0, 8, 5, 3]"
1550,"[3, 5, 4, 7, 0, 2, 1, 9, 6, 8]"
1550,"[2, 9, 5, 4, 0, 7, 6, 1, 3, 8]"
1551,"[7, 4, 3, 1, 6, 9, 8, 0, 5, 2]"
1561,"[3, 1, 8, 9, 4, 6, 0, 2, 7, 5]"
1564,"[4, 8, 5, 2, 0, 3, 7, 9, 1, 6]"
1571,"[7, 2, 1, 4, 6, 8, 3, 9, 0, 5]"
1573,"[8, 2, 5, 4, 9, 0, 1, 7, 6, 3]"
1574,"[9, 7, 0, 2, 8, 3, 1, 5, 4, 6]"
1575,"[3, 6, 9, 4, 0, 5, 1, 8, 2, 7]"
1576,"[8, 5, 3, 9, 2, 1, 6, 7, 0, 4]"
1577,"[4, 6, 7, 3, 0, 9, 8, 2, 1, 5]"
1578,"[9, 4, 1, 6, 0, 2, 5, 3, 8, 7]"
1578,"[2, 4, 7, 3, 8, 6, 9, 0, 5, 1]"
1578,"[8, 6, 3, 7, 2, 1, 0, 9, 4, 5]"
1579,"[1, 6, 5, 9, 4, 8, 7, 0, 2, 3]"
1583,"[7, 6, 1, 9, 3, 4, 0, 5, 8, 2]"
1587,"[1, 9, 6, 2, 5, 4, 0, 7, 8, 3]"
1588,"[8, 3, 1, 2, 7, 6, 9, 4, 0, 5]"
1589,"[0, 3, 1, 2, 5, 9, 7, 8, 6, 4]"
1592,"[3, 0, 2, 8, 4, 5, 9, 1, 7, 6]"
1595,"[1, 9, 0, 7, 3, 6, 5, 8, 4, 2]"
1595,"[9, 7, 8, 5, 0, 2, 3, 1, 4, 6]"
1596,"[0, 8, 9, 4, 5, 2, 6, 3, 7, 1]"
1597,"[9, 2, 4, 1, 7, 8, 3, 5, 6, 0]"
1601,"[6, 3, 0, 7, 4, 8, 9, 2, 1, 5]"
1602,"[1, 9, 4, 0, 8, 2, 6, 3, 7, 5]"
1604,"[9, 3, 7, 8, 1, 2, 4, 6, 5, 0]"
1609,"[6, 1, 3, 5, 8, 9, 0, 4, 7, 2]"
1610,"[0, 5, 8, 6, 3, 9, 4, 2, 7, 1]"
1614,"[7, 9, 8, 0, 6, 5, 2, 1, 3, 4]"
1617,"[9, 1, 4, 7, 2, 3, 0, 8, 6, 5]"
1618,"[0, 3, 9, 1, 5, 2, 6, 4, 7, 8]"
1621,"[9, 4, 0, 1, 3, 8, 5, 2, 6, 7]"
1625,"[5, 6, 3, 2, 8, 9, 7, 0, 1, 4]"
1626,"[6, 4, 3, 9, 5, 1, 0, 8, 7, 2]"
1628,"[5, 8, 7, 3, 1, 0, 9, 4, 2, 6]"
1630,"[8, 0, 2, 3, 7, 5, 4, 1, 6, 9]"
1634,"[3, 9, 1, 5, 4, 7, 2, 0, 6, 8]"
1638,"[8, 7, 5, 4, 1, 2, 0, 6, 3, 9]"
1641,"[5, 9, 4, 2, 7, 8, 1, 0, 3, 6]"
1641,"[1, 0, 5, 9, 7, 2, 3, 8, 4, 6]"
1642,"[3, 1, 4, 9, 7, 0, 2, 8, 5, 6]"
1648,"[3, 1, 7, 4, 8, 0, 9, 5, 2, 6]"
1651,"[7, 9, 8, 0, 1, 5, 3, 2, 6, 4]"
1662,"[8, 3, 1, 9, 0, 2, 4, 6, 7, 5]"
1663,"[3, 8, 9, 7, 0, 1, 5, 6, 4, 2]"
1667,"[5, 3, 9, 7, 4, 1, 8, 2, 6, 0]"
1667,"[1, 9, 7, 8, 3, 0, 5, 2, 6, 4]"
1717,"[7, 6, 8, 2, 3, 9, 0, 4, 1, 5]"
1396,"[0, 6, 2, 7, 5, 1, 4, 9, 3, 8]"
1419,"[4, 8, 1, 5, 6, 2, 3, 7, 9, 0]"
1425,"[5, 0, 2, 8, 1, 3, 6, 4, 7, 9]"
1431,"[1, 7, 5, 2, 3, 9, 4, 6, 8, 0]"
1432,"[4, 1, 7, 3, 5, 6, 2, 8, 0, 9]"
1432,"[2, 5, 0, 7, 3, 1, 6, 4, 9, 8]"
1434,"[8, 4, 1, 0, 7, 9, 6, 2, 3, 5]"
1435,"[0, 6, 4, 7, 5, 2, 8, 1, 3, 9]"
1442,"[0, 9, 2, 8, 1, 4, 6, 3, 5, 7]"
1442,"[0, 5, 2, 8, 7, 1, 4, 3, 6, 9]"
1449,"[0, 5, 1, 8, 7, 2, 4, 6, 9, 3]"
1450,"[2, 1, 7, 5, 4, 3, 0, 8, 9, 6]"
1453,"[8, 1, 2, 0, 5, 6, 3, 7, 9, 4]"
1458,"[6, 2, 7, 5, 4, 1, 3, 9, 0, 8]"
1458,"[9, 8, 5, 6, 1, 0, 4, 3, 2, 7]"
1461,"[5, 0, 8, 7, 2, 4, 9, 3, 6, 1]"
1462,"[0, 6, 5, 8, 7, 3, 1, 2, 4, 9]"
1468,"[9, 8, 4, 5, 3, 6, 7, 1, 0, 2]"
1468,"[9, 3, 1, 6, 8, 2, 0, 5, 4, 7]"
1470,"[3, 1, 0, 7, 4, 8, 2, 5, 9, 6]"
1470,"[5, 8, 2, 6, 7, 3, 4, 1, 9, 0]"
1471,"[4, 3, 7, 1, 5, 0, 8, 9, 6, 2]"
1474,"[0, 4, 1, 7, 2, 9, 5, 3, 6, 8]"
1476,"[5, 4, 2, 7, 3, 9, 6, 1, 8, 0]"
1482,"[9, 1, 6, 3, 4, 7, 5, 2, 8, 0]"
1483,"[8, 5, 3, 1, 0, 4, 2, 6, 9, 7]"
1486,"[2, 9, 4, 8, 5, 6, 1, 0, 3, 7]"
1486,"[4, 6, 2, 3, 0, 1, 5, 7, 8, 9]"
1486,"[8, 5, 2, 4, 0, 9, 3, 1, 6, 7]"
1487,"[9, 8, 4, 5, 2, 1, 7, 0, 6, 3]"
1490,"[8, 2, 4, 6, 9, 5, 3, 0, 1, 7]"
1499,"[6, 0, 4, 8, 1, 2, 3, 9, 5, 7]"
1503,"[6, 4, 3, 1, 7, 8, 9, 0, 2, 5]"
1504,"[9, 7, 4, 5, 1, 6, 8, 0, 2, 3]"
1504,"[7, 0, 9, 4, 2, 8, 3, 5, 6, 1]"
1505,"[9, 7, 5, 4, 2, 6, 0, 8, 1, 3]"
1506,"[1, 7, 9, 6, 0, 4, 5, 3, 8, 2]"
1509,"[2, 5, 0, 1, 7, 3, 9, 8, 6, 4]"
1512,"[1, 7, 3, 2, 0, 6, 5, 8, 9, 4]"
1512,"[6, 1, 3, 2, 9, 5, 0, 4, 8, 7]"
1514,"[1, 4, 3, 5, 0, 6, 7, 8, 9, 2]"
1517,"[1, 8, 2, 9, 5, 4, 0, 6, 7, 3]"
1520,"[5, 2, 4, 3, 0, 7, 6, 9, 8, 1]"
1520,"[5, 4, 7, 1, 2, 6, 0, 3, 9, 8]"
1522,"[9, 1, 5, 7, 6, 3, 8, 0, 4, 2]"
1525,"[3, 7, 2, 0, 9, 6, 1, 8, 5, 4]"
1525,"[2, 1, 8, 9, 0, 3, 6, 7, 4, 5]"
1528,"[6, 3, 7, 8, 5, 1, 4, 0, 2, 9]"
1529,"[7, 4, 2, 8, 1, 0, 6, 3, 9, 5]"
1533,"[0, 9, 2, 5, 4, 8, 3, 1, 7, 6]"
1535,"[0, 8, 2, 3, 4, 7, 1, 9, 6, 5]"
1535,"[9, 6, 4, 5, 1, 7, 0, 8, 3, 2]"
1536,"[2, 1, 3, 7, 4, 0, 6, 5, 8, 9]"
1536,"[1, 7, 6, 3, 9, 4, 8, 2, 0, 5]"
1537,"[6, 1, 0, 9, 5, 8, 3, 4, 7, 2]"
1538,"[4, 6, 3, 9, 0, 1, 8, 2, 5, 7]"
1539,"[2, 3, 4, 9, 1, 6, 5, 0, 7, 8]"
1539,"[6, 3, 7, 2, 4, 5, 8, 9, 0, 1]"
1542,"[4, 3, 0, 1, 6, 9, 7, 8, 2, 5]"
1544,"[9, 0, 2, 5, 7, 8, 4, 1, 6, 3]"
1544,"[9, 2, 1, 0, 8, 3, 4, 6, 7, 5]"
1548,"[1, 2, 4, 3, 6, 9, 7, 0, 8, 5]"
1549,"[6, 1, 2, 5, 3, 9, 4, 0, 8, 7]"
1550,"[8, 7, 9, 5, 4, 3, 2, 6, 0, 1]"
1550,"[1, 2, 5, 6, 0, 3, 9, 4, 7, 8]"
1551,"[8, 1, 3, 4, 2, 7, 0, 9, 6, 5]"
1551,"[1, 9, 0, 5, 7, 3, 6, 4, 8, 2]"
1551,"[8, 7, 9, 3, 2, 5, 0, 1, 4, 6]"
1551,"[4, 7, 8, 2, 3, 6, 0, 1, 9, 5]"
1553,"[6, 1, 8, 3, 4, 2, 9, 0, 5, 7]"
1553,"[5, 8, 9, 3, 1, 2, 0, 6, 7, 4]"
1555,"[5, 3, 9, 7, 4, 8, 6, 0, 2, 1]"
1559,"[5, 2, 6, 7, 8, 9, 4, 0, 1, 3]"
1566,"[8, 4, 9, 7, 3, 1, 0, 5, 6, 2]"
1566,"[1, 4, 9, 0, 3, 6, 5, 8, 2, 7]"
1569,"[0, 4, 5, 1, 9, 7, 2, 6, 3, 8]"
1573,"[6, 3, 5, 7, 2, 0, 9, 1, 8, 4]"
1576,"[0, 9, 5, 1, 2, 4, 6, 3, 8, 7]"
1576,"[2, 8, 7, 0, 1, 9, 4, 3, 6, 5]"
1578,"[5, 0, 8, 1, 9, 4, 2, 3, 6, 7]"
1580,"[7, 3, 5, 4, 6, 0, 8, 1, 2, 9]"
1583,"[9, 2, 4, 6, 0, 7, 8, 3, 1, 5]"
1585,"[9, 2, 4, 1, 0, 7, 6, 8, 5, 3]"
1589,"[3, 9, 2, 0, 6, 5, 7, 4, 1, 8]"
1595,"[5, 3, 9, 7, 4, 1, 0, 6, 2, 8]"
1609,"[3, 9, 5, 4, 1, 6, 2, 0, 7, 8]"
1620,"[3, 8, 7, 9, 4, 5, 2, 1, 0, 6]"
1621,"[3, 8, 1, 9, 0, 7, 6, 5, 4, 2]"
1622,"[6, 7, 8, 9, 4, 1, 5, 3, 0, 2]"
1628,"[5, 4, 3, 9, 0, 8, 7, 2, 6, 1]"
1630,"[5, 9, 7, 2, 8, 1, 3, 4, 6, 0]"
1630,"[3, 6, 1, 9, 0, 7, 5, 8, 4, 2]"
1639,"[6, 5, 7, 9, 0, 1, 2, 8, 3, 4]"
1645,"[1, 9, 5, 0, 7, 2, 6, 3, 4, 8]"
1652,"[3, 5, 6, 8, 1, 9, 0, 7, 2, 4]"
1653,"[9, 2, 4, 7, 5, 8, 6, 3, 0, 1]"
1661,"[2, 3, 9, 8, 7, 1, 0, 5, 6, 4]"
1683,"[9, 4, 1, 2, 7, 0, 5, 3, 8, 6]"
1686,"[3, 6, 1, 9, 0, 4, 7, 2, 8, 5]"
1696,"[3, 4, 8, 9, 7, 0, 5, 2, 1, 6]"
1392,"[6, 8, 1, 4, 7, 2, 5, 0, 9, 3]"
1422,"[2, 5, 3, 1, 6, 7, 8, 4, 9, 0]"
1425,"[6, 2, 5, 0, 7, 3, 4, 1, 9, 8]"
1435,"[5, 8, 4, 1, 2, 6, 0, 9, 7, 3]"
1441,"[4, 6, 5, 1, 2, 9, 0, 8, 7, 3]"
1441,"[8, 7, 2, 6, 5, 1, 0, 4, 3, 9]"
1446,"[7, 2, 5, 4, 3, 0, 1, 6, 8, 9]"
1447,"[0, 1, 2, 5, 6, 3, 7, 9, 4, 8]"
1448,"[7, 5, 0, 3, 2, 9, 6, 8, 1, 4]"
1453,"[4, 0, 9, 8, 2, 3, 5, 7, 6, 1]"
1453,"[0, 6, 2, 1, 5, 3, 8, 4, 7, 9]"
1454,"[4, 7, 6, 3, 1, 8, 2, 0, 5, 9]"
1458,"[0, 2, 4, 7, 9, 8, 1, 6, 3, 5]"
1462,"[0, 5, 4, 8, 2, 9, 6, 1, 7, 3]"
1462,"[6, 9, 8, 1, 4, 0, 3, 5, 2, 7]"
1463,"[6, 8, 5, 1, 7, 4, 3, 9, 2, 0]"
1463,"[1, 6, 4, 9, 8, 5, 3, 7, 2, 0]"
1466,"[5, 2, 1, 3, 4, 9, 6, 0, 7, 8]"
1469,"[6, 0, 4, 7, 2, 8, 5, 3, 1, 9]"
1476,"[5, 6, 4, 7, 9, 1, 0, 8, 2, 3]"
1476,"[6, 1, 3, 7, 4, 0, 5, 9, 2, 8]"
1478,"[6, 7, 0, 5, 3, 4, 9, 2, 8, 1]"
1481,"[2, 7, 1, 9, 6, 3, 8, 4, 5, 0]"
1482,"[6, 8, 5, 0, 7, 3, 1, 4, 9, 2]"
1482,"[6, 2, 1, 9, 8, 5, 4, 3, 7, 0]"
1486,"[5, 1, 7, 8, 6, 3, 2, 0, 4, 9]"
1486,"[1, 7, 0, 6, 4, 8, 3, 5, 9, 2]"
1489,"[6, 4, 1, 2, 3, 7, 8, 5, 0, 9]"
1495,"[9, 2, 3, 8, 7, 6, 1, 0, 4, 5]"
1495,"[3, 5, 8, 6, 1, 7, 0, 4, 9, 2]"
1496,"[3, 2, 4, 0, 6, 5, 9, 8, 1, 7]"
1500,"[6, 0, 7, 3, 2, 4, 1, 5, 9, 8]"
1500,"[7, 9, 8, 5, 3, 6, 0, 1, 4, 2]"
1505,"[0, 6, 3, 2, 8, 5, 1, 4, 7, 9]"
1508,"[0, 3, 6, 7, 8, 1, 4, 2, 9, 5]"
1512,"[1, 7, 2, 3, 6, 4, 0, 9, 8, 5]"
1512,"[2, 7, 4, 6, 9, 8, 0, 5, 1, 3]"
1514,"[6, 9, 5, 4, 1, 3, 2, 0, 8, 7]"
1514,"[4, 1, 3, 9, 0, 5, 6, 7, 8, 2]"
1514,"[5, 1, 8, 9, 0, 7, 4, 6, 3, 2]"
1515,"[5, 8, 6, 9, 4, 2, 1, 3, 0, 7]"
1516,"[8, 6, 5, 1, 3, 4, 2, 9, 0, 7]"
1517,"[4, 0, 8, 9, 2, 5, 1, 3, 6, 7]"
1517,"[9, 3, 0, 8, 7, 4, 2, 5, 6, 1]"
1518,"[1, 3, 5, 7, 2, 0, 6, 8, 9, 4]"
1520,"[6, 8, 5, 9, 1, 4, 3, 0, 2, 7]"
1523,"[6, 2, 1, 3, 8, 9, 5, 7, 0, 4]"
1523,"[3, 2, 4, 8, 1, 7, 9, 6, 5, 0]"
1527,"[6, 4, 3, 2, 9, 1, 5, 7, 0, 8]"
1530,"[9, 8, 1, 5, 0, 7, 6, 2, 4, 3]"
1531,"[9, 7, 6, 8, 5, 3, 2, 0, 4, 1]"
1531,"[3, 6, 5, 4, 1, 2, 9, 7, 0, 8]"
1533,"[5, 1, 8, 0, 2, 9, 7, 3, 6, 4]"
1535,"[4, 9, 2, 0, 1, 8, 3, 6, 7, 5]"
1535,"[5, 7, 0, 3, 9, 2, 6, 1, 8, 4]"
1537,"[6, 2, 9, 0, 7, 5, 1, 3, 4, 8]"
1538,"[5, 8, 9, 4, 2, 3, 0, 6, 7, 1]"
1538,"[7, 2, 1, 3, 8, 5, 6, 0, 9, 4]"
1540,"[2, 6, 5, 4, 1, 9, 7, 0, 8, 3]"
1544,"[5, 8, 7, 6, 4, 3, 9, 2, 0, 1]"
1545,"[6, 4, 5, 3, 7, 8, 9, 1, 2, 0]"
1547,"[5, 1, 8, 3, 6, 0, 9, 4, 2, 7]"
1547,"[6, 0, 9, 7, 5, 3, 4, 2, 8, 1]"
1548,"[8, 2, 9, 3, 4, 7, 6, 5, 1, 0]"
1549,"[2, 9, 8, 0, 7, 5, 6, 1, 4, 3]"
1559,"[6, 3, 1, 7, 2, 9, 8, 0, 5, 4]"
1559,"[3, 4, 8, 2, 7, 1, 5, 9, 0, 6]"
1563,"[3, 2, 8, 5, 7, 1, 0, 4, 9, 6]"
1565,"[2, 9, 7, 4, 1, 0, 3, 6, 8, 5]"
1565,"[4, 9, 2, 5, 7, 1, 8, 0, 3, 6]"
1567,"[1, 6, 3, 7, 0, 5, 9, 2, 8, 4]"
1570,"[9, 3, 2, 8, 6, 7, 5, 4, 1, 0]"
1570,"[5, 9, 8, 6, 1, 3, 0, 7, 2, 4]"
1572,"[1, 8, 3, 4, 6, 9, 7, 2, 5, 0]"
1573,"[8, 6, 7, 4, 0, 3, 9, 5, 2, 1]"
1573,"[0, 2, 8, 6, 5, 7, 9, 4, 1, 3]"
1575,"[6, 0, 9, 2, 7, 5, 8, 4, 3, 1]"
1581,"[3, 0, 1, 6, 7, 5, 8, 2, 9, 4]"
1582,"[2, 1, 6, 7, 8, 0, 9, 5, 3, 4]"
1586,"[3, 6, 9, 7, 8, 4, 0, 5, 2, 1]"
1586,"[8, 3, 9, 5, 1, 0, 6, 7, 4, 2]"
1588,"[8, 7, 3, 5, 0, 1, 6, 9, 2, 4]"
1589,"[6, 7, 9, 4, 5, 8, 0, 1, 2, 3]"
1589,"[2, 8, 9, 5, 3, 4, 0, 1, 6, 7]"
1592,"[7, 8, 6, 4, 3, 1, 9, 0, 5, 2]"
1593,"[2, 3, 4, 5, 7, 0, 8, 6, 9, 1]"
1599,"[2, 8, 4, 0, 9, 7, 5, 1, 3, 6]"
1606,"[3, 2, 6, 9, 5, 4, 7, 1, 0, 8]"
1607,"[4, 8, 0, 3, 2, 9, 7, 1, 6, 5]"
1608,"[3, 2, 8, 0, 1, 9, 7, 6, 4, 5]"
1608,"[8, 0, 3, 6, 9, 4, 2, 1, 5, 7]"
1611,"[8, 6, 3, 7, 0, 9, 1, 4, 5, 2]"
1620,"[1, 2, 7, 9, 6, 0, 5, 8, 3, 4]"
1623,"[1, 2, 3, 4, 9, 0, 5, 8, 6, 7]"
1639,"[3, 1, 8, 0, 5, 9, 4, 2, 7, 6]"
1650,"[9, 4, 7, 8, 1, 0, 3, 2, 6, 5]"
1665,"[6, 8, 3, 9, 1, 5, 2, 7, 0, 4]"
1688,"[2, 9, 1, 7, 8, 0, 5, 3, 6, 4]"
1696,"[3, 7, 4, 5, 8, 0, 9, 1, 2, 6]"
1708,"[6, 3, 0, 9, 2, 7, 1, 5, 8, 4]"
1374,"[4, 0, 5, 7, 9, 6, 8, 1, 3, 2]"
1405,"[7, 1, 2, 5, 6, 9, 8, 4, 3, 0]"
1418,"[2, 1, 4, 0, 6, 5, 3, 8, 7, 9]"
1421,"[0, 4, 9, 3, 6, 8, 1, 5, 2, 7]"
1432,"[5, 0, 4, 6, 8, 9, 2, 1, 3, 7]"
1432,"[2, 4, 5, 6, 9, 1, 3, 8, 7, 0]"
1435,"[4, 2, 8, 6, 5, 0, 1, 7, 9, 3]"
1436,"[0, 1, 8, 6, 4, 9, 5, 7, 3, 2]"
1437,"[1, 4, 8, 6, 3, 5, 2, 0, 9, 7]"
1437,"[5, 3, 2, 1, 6, 8, 0, 4, 9, 7]"
1441,"[0, 6, 2, 5, 1, 8, 7, 3, 4, 9]"
1442,"[5, 0, 6, 2, 4, 1, 3, 8, 7, 9]"
1448,"[6, 4, 8, 9, 3, 2, 5, 0, 1, 7]"
1453,"[7, 2, 5, 3, 4, 6, 1, 9, 0, 8]"
1456,"[4, 8, 1, 6, 2, 0, 3, 5, 7, 9]"
1456,"[8, 1, 2, 5, 4, 0, 3, 6, 7, 9]"
1463,"[5, 6, 1, 8, 7, 0, 9, 3, 4, 2]"
1470,"[0, 1, 6, 7, 5, 2, 3, 9, 8, 4]"
1471,"[2, 8, 1, 3, 4, 7, 6, 5, 9, 0]"
1480,"[3, 8, 4, 1, 2, 5, 7, 0, 9, 6]"
1480,"[7, 4, 5, 9, 8, 2, 6, 1, 3, 0]"
1480,"[5, 0, 8, 1, 4, 2, 7, 3, 6, 9]"
1481,"[4, 1, 9, 8, 3, 2, 5, 7, 6, 0]"
1482,"[7, 4, 2, 8, 3, 6, 1, 5, 9, 0]"
1482,"[6, 0, 5, 2, 4, 3, 7, 9, 1, 8]"
1482,"[4, 2, 6, 9, 5, 8, 1, 7, 3, 0]"
1483,"[6, 1, 2, 0, 9, 3, 8, 7, 5, 4]"
1490,"[6, 0, 2, 8, 3, 1, 7, 4, 5, 9]"
1490,"[9, 4, 6, 5, 2, 3, 8, 7, 0, 1]"
1490,"[7, 0, 8, 2, 5, 1, 3, 9, 6, 4]"
1491,"[7, 8, 6, 9, 2, 3, 5, 1, 4, 0]"
1493,"[7, 6, 8, 0, 1, 3, 5, 4, 2, 9]"
1494,"[6, 0, 5, 4, 7, 1, 3, 2, 8, 9]"
1495,"[6, 7, 0, 4, 3, 5, 8, 9, 2, 1]"
1496,"[3, 0, 1, 8, 4, 5, 6, 7, 2, 9]"
1498,"[1, 2, 8, 0, 4, 6, 3, 5, 9, 7]"
1498,"[1, 2, 9, 6, 3, 0, 7, 5, 4, 8]"
1499,"[8, 1, 0, 6, 2, 5, 4, 9, 7, 3]"
1507,"[1, 7, 3, 9, 2, 0, 6, 4, 5, 8]"
1509,"[7, 2, 0, 3, 5, 6, 9, 1, 4, 8]"
1509,"[4, 1, 3, 2, 6, 0, 9, 5, 8, 7]"
1510,"[0, 2, 7, 5, 9, 8, 1, 4, 6, 3]"
1515,"[3, 5, 0, 6, 7, 8, 1, 4, 2, 9]"
1516,"[1, 9, 7, 3, 8, 6, 4, 2, 5, 0]"
1519,"[1, 9, 6, 8, 4, 0, 2, 7, 3, 5]"
1522,"[9, 2, 1, 4, 0, 7, 8, 6, 5, 3]"
1523,"[1, 3, 7, 0, 4, 8, 6, 5, 2, 9]"
1525,"[3, 0, 2, 5, 6, 7, 8, 1, 4, 9]"
1525,"[0, 2, 4, 6, 9, 1, 8, 3, 7, 5]"
1526,"[4, 7, 6, 3, 8, 5, 9, 2, 1, 0]"
1526,"[7, 8, 0, 3, 2, 1, 4, 9, 6, 5]"
1528,"[4, 0, 6, 5, 2, 3, 9, 7, 1, 8]"
1529,"[7, 2, 9, 6, 1, 5, 0, 8, 4, 3]"
1529,"[1, 5, 4, 9, 0, 3, 7, 6, 2, 8]"
1531,"[6, 7, 5, 1, 8, 3, 0, 9, 4, 2]"
1536,"[1, 8, 9, 7, 4, 2, 6, 3, 0, 5]"
1539,"[4, 9, 0, 1, 7, 6, 5, 2, 3, 8]"
1539,"[0, 8, 6, 9, 7, 5, 1, 4, 2, 3]"
1539,"[0, 3, 7, 9, 1, 8, 6, 5, 4, 2]"
1539,"[4, 1, 3, 0, 9, 7, 8, 6, 2, 5]"
1540,"[0, 8, 1, 6, 7, 3, 2, 9, 5, 4]"
1543,"[7, 8, 5, 1, 6, 0, 2, 3, 4, 9]"
1550,"[9, 7, 2, 8, 5, 1, 6, 4, 0, 3]"
1551,"[2, 8, 6, 7, 9, 0, 4, 5, 1, 3]"
1551,"[8, 3, 1, 6, 2, 0, 5, 9, 4, 7]"
1553,"[2, 5, 7, 1, 9, 0, 4, 3, 8, 6]"
1554,"[5, 3, 9, 1, 8, 4, 0, 6, 2, 7]"
1555,"[6, 9, 1, 0, 2, 3, 5, 8, 7, 4]"
1562,"[5, 2, 3, 0, 8, 7, 9, 6, 1, 4]"
1562,"[4, 8, 0, 3, 7, 1, 9, 2, 5, 6]"
1564,"[5, 6, 0, 8, 3, 9, 1, 7, 4, 2]"
1576,"[9, 1, 0, 2, 6, 7, 5, 3, 8, 4]"
1576,"[3, 6, 7, 9, 4, 5, 2, 0, 8, 1]"
1576,"[4, 5, 1, 9, 3, 8, 7, 2, 6, 0]"
1581,"[9, 7, 5, 3, 0, 2, 1, 4, 8, 6]"
1582,"[1, 9, 6, 5, 4, 8, 7, 2, 0, 3]"
1583,"[0, 6, 4, 9, 1, 7, 5, 8, 2, 3]"
1590,"[8, 9, 5, 0, 3, 6, 1, 7, 2, 4]"
1590,"[1, 3, 5, 4, 7, 8, 2, 6, 0, 9]"
1591,"[0, 9, 1, 2, 7, 5, 4, 8, 6, 3]"
1591,"[9, 1, 7, 8, 0, 5, 4, 6, 3, 2]"
1592,"[9, 7, 8, 5, 3, 2, 4, 6, 1, 0]"
1594,"[3, 5, 1, 9, 7, 4, 2, 6, 0, 8]"
1596,"[6, 5, 8, 3, 0, 9, 7, 4, 2, 1]"
1598,"[6, 3, 4, 8, 2, 9, 5, 1, 0, 7]"
1601,"[8, 4, 3, 6, 7, 9, 5, 0, 1, 2]"
1602,"[5, 9, 2, 7, 8, 1, 6, 3, 4, 0]"
1604,"[0, 8, 1, 5, 3, 6, 9, 4, 7, 2]"
1605,"[4, 3, 8, 5, 9, 6, 7, 0, 1, 2]"
1612,"[1, 2, 8, 9, 4, 0, 7, 6, 5, 3]"
1623,"[8, 1, 5, 9, 3, 0, 2, 4, 7, 6]"
1625,"[2, 7, 9, 1, 0, 6, 5, 8, 3, 4]"
1628,"[9, 2, 0, 7, 3, 1, 4, 5, 8, 6]"
1636,"[7, 1, 9, 0, 5, 3, 6, 2, 8, 4]"
1640,"[9, 2, 0, 4, 1, 7, 8, 3, 6, 5]"
1643,"[2, 3, 7, 0, 5, 6, 8, 9, 1, 4]"
1644,"[7, 0, 2, 3, 9, 5, 8, 6, 4, 1]"
1658,"[3, 8, 9, 7, 2, 1, 6, 5, 4, 0]"
1684,"[7, 8, 3, 9, 5, 0, 4, 1, 6, 2]"
1736,"[8, 5, 0, 3, 1, 9, 4, 7, 2, 6]"
